-- phpMyAdmin SQL Dump
-- version 5.2.0
-- https://www.phpmyadmin.net/
--
-- Host: 127.0.0.1
-- Generation Time: Jul 09, 2023 at 09:10 PM
-- Server version: 10.4.27-MariaDB
-- PHP Version: 8.1.12

SET SQL_MODE = "NO_AUTO_VALUE_ON_ZERO";
START TRANSACTION;
SET time_zone = "+00:00";


/*!40101 SET @OLD_CHARACTER_SET_CLIENT=@@CHARACTER_SET_CLIENT */;
/*!40101 SET @OLD_CHARACTER_SET_RESULTS=@@CHARACTER_SET_RESULTS */;
/*!40101 SET @OLD_COLLATION_CONNECTION=@@COLLATION_CONNECTION */;
/*!40101 SET NAMES utf8mb4 */;

--
-- Database: `sivalika_hotels`
--

-- --------------------------------------------------------

--
-- Table structure for table `adpages`
--

CREATE TABLE `adpages` (
  `id` bigint(20) UNSIGNED NOT NULL,
  `course_type_id` int(11) DEFAULT NULL,
  `center_id` int(11) DEFAULT NULL,
  `name` varchar(255) NOT NULL,
  `title` varchar(255) DEFAULT NULL,
  `slug` varchar(255) NOT NULL,
  `banner_image` varchar(255) DEFAULT NULL,
  `description` text DEFAULT NULL,
  `template` varchar(50) NOT NULL DEFAULT 'default-template',
  `enable_otp` tinyint(1) NOT NULL DEFAULT 1,
  `meta_description` text DEFAULT NULL,
  `schema` text DEFAULT NULL,
  `robots` varchar(150) NOT NULL DEFAULT 'index, follow',
  `canonical` varchar(255) DEFAULT NULL,
  `utm_campaign` varchar(100) NOT NULL DEFAULT 'Google-Organic',
  `utm_source` varchar(100) NOT NULL DEFAULT 'SEO',
  `status` enum('0','1') NOT NULL DEFAULT '1',
  `created_at` timestamp NULL DEFAULT NULL,
  `updated_at` timestamp NULL DEFAULT NULL
) ENGINE=InnoDB DEFAULT CHARSET=utf8mb4 COLLATE=utf8mb4_unicode_ci;

-- --------------------------------------------------------

--
-- Table structure for table `bookings`
--

CREATE TABLE `bookings` (
  `id` bigint(20) UNSIGNED NOT NULL,
  `booking_id` varchar(10) NOT NULL,
  `booking_type` varchar(20) DEFAULT NULL,
  `hotel_id` int(11) NOT NULL,
  `user_id` int(11) DEFAULT NULL,
  `guest_name` varchar(50) DEFAULT NULL,
  `guest_mobile` varchar(20) DEFAULT NULL,
  `amount` int(11) DEFAULT NULL,
  `total_guest` int(11) DEFAULT NULL,
  `rooms` text DEFAULT NULL,
  `checkin` date DEFAULT NULL,
  `checkout` date DEFAULT NULL,
  `payment_type` varchar(20) DEFAULT NULL,
  `order_id` varchar(255) DEFAULT NULL,
  `payment_id` varchar(255) DEFAULT NULL,
  `payment` enum('success','pending','failed') NOT NULL DEFAULT 'pending',
  `status` varchar(20) DEFAULT 'pending',
  `created_at` timestamp NULL DEFAULT NULL,
  `updated_at` timestamp NULL DEFAULT NULL
) ENGINE=InnoDB DEFAULT CHARSET=utf8mb4 COLLATE=utf8mb4_unicode_ci;

--
-- Dumping data for table `bookings`
--

INSERT INTO `bookings` (`id`, `booking_id`, `booking_type`, `hotel_id`, `user_id`, `guest_name`, `guest_mobile`, `amount`, `total_guest`, `rooms`, `checkin`, `checkout`, `payment_type`, `order_id`, `payment_id`, `payment`, `status`, `created_at`, `updated_at`) VALUES
(2, '5874100', NULL, 2, 1, 'Akash Dutta', '9836555023', 2500, 3, '{\"4\":[{\"adult\":\"2\",\"child\":\"0\"}],\"5\":[{\"adult\":\"1\",\"child\":\"0\"}]}', '2023-07-06', '2023-07-07', NULL, '745447778888', '2114444', 'pending', 'comfirm', '2023-07-05 01:39:51', '2023-07-05 01:39:51'),
(3, '5874102', NULL, 1, 1, 'Test', '9836555023', 1200, 3, '{\"1\":[{\"adult\":\"2\",\"child\":\"0\"}],\"2\":[{\"adult\":\"1\",\"child\":\"0\"}],\"3\":null}', '2023-07-06', '2023-07-07', NULL, 'dasdsdsad', '12313232', 'pending', 'comfirm', '2023-07-05 02:12:45', '2023-07-05 02:12:45'),
(4, '5874103', NULL, 1, 5, 'Amit D', '5898744444', 1000, 2, '{\"1\":[{\"adult\":\"2\",\"child\":\"0\"}],\"2\":null,\"3\":null}', '2023-07-05', '2023-07-07', NULL, 'Order_2144555555', '111444477', 'success', 'arrvied', '2023-07-05 12:07:41', '2023-07-05 13:55:42'),
(5, 'ALTKCV', NULL, 2, 6, 'Test User', '9836000110', 1200, 2, '{\"4\":[{\"adult\":\"2\",\"child\":\"0\"}],\"5\":[{\"adult\":\"1\",\"child\":\"0\"}]}', '2023-07-09', '2023-07-10', NULL, NULL, NULL, 'pending', 'comfirm', '2023-07-08 13:45:06', '2023-07-08 13:45:06');

-- --------------------------------------------------------

--
-- Table structure for table `cities`
--

CREATE TABLE `cities` (
  `id` bigint(20) UNSIGNED NOT NULL,
  `name` varchar(255) NOT NULL,
  `slug` varchar(255) NOT NULL,
  `districtid` int(11) NOT NULL,
  `state_id` int(11) NOT NULL,
  `description` varchar(255) NOT NULL,
  `status` varchar(255) NOT NULL,
  `created_at` timestamp NULL DEFAULT NULL,
  `updated_at` timestamp NULL DEFAULT NULL
) ENGINE=InnoDB DEFAULT CHARSET=utf8mb4 COLLATE=utf8mb4_unicode_ci;

--
-- Dumping data for table `cities`
--

INSERT INTO `cities` (`id`, `name`, `slug`, `districtid`, `state_id`, `description`, `status`, `created_at`, `updated_at`) VALUES
(754, 'Jammu', 'jammu', 0, 15, '', '1', '2022-12-20 04:01:33', '2023-03-24 00:17:25'),
(876, 'Pathankot', 'pathankot', 0, 28, '', '1', '2022-12-20 04:01:33', '2023-03-24 00:17:25'),
(887, 'Jalandhar', 'jalandhar', 0, 28, '', '1', '2022-12-20 04:01:33', '2023-03-24 00:17:25'),
(920, 'Bathinda', 'bathinda', 0, 28, '', '1', '2022-12-20 04:01:33', '2023-03-24 00:17:26'),
(952, 'Chandigarh', 'chandigarh', 0, 6, '', '1', '2022-12-20 04:01:33', '2023-03-24 00:17:26'),
(979, 'Dehradun', 'dehradun', 0, 34, '', '1', '2022-12-20 04:01:33', '2023-03-24 00:17:26'),
(980, 'Rishikesh', 'rishikesh', 0, 34, '', '1', '2022-12-20 04:01:33', '2023-03-24 00:17:26'),
(1021, 'Kashipur', 'kashipur', 0, 34, '', '1', '2022-12-20 04:01:33', '2023-03-24 00:17:26'),
(1092, 'Gurgaon', 'gurgaon', 0, 13, '', '1', '2022-12-20 04:01:33', '2023-03-24 00:17:26'),
(1100, 'Faridabad', 'faridabad', 0, 13, '', '1', '2022-12-20 04:01:33', '2023-03-24 00:17:26'),
(1107, 'Delhi', 'delhi', 0, 10, '', '1', '2022-12-20 04:01:33', '2023-03-24 00:17:26'),
(1119, 'Rajouri Garden', 'rajouri-garden', 0, 10, '', '1', '2022-12-20 04:01:33', '2023-03-24 00:17:26'),
(1167, 'Udaipur', 'udaipur', 0, 29, '', '1', '2022-12-20 04:01:33', '2023-03-24 00:17:26'),
(1174, 'Alwar', 'alwar', 0, 29, '', '1', '2022-12-20 04:01:33', '2023-03-24 00:17:26'),
(1496, 'Lucknow', 'lucknow', 0, 33, '', '1', '2022-12-20 04:01:33', '2023-03-24 00:17:27'),
(1551, 'Mau', 'mau', 0, 33, '', '1', '2022-12-20 04:01:33', '2023-03-24 00:17:27'),
(1565, 'Allahabad', 'allahabad', 0, 33, '', '1', '2022-12-20 04:01:33', '2022-12-20 04:01:51'),
(1625, 'Gorakhpur', 'gorakhpur', 0, 33, '', '1', '2022-12-20 04:01:33', '2023-03-24 00:17:27'),
(1653, 'Ballia', 'ballia', 0, 33, '', '1', '2022-12-20 04:01:33', '2023-03-24 00:17:27'),
(1953, 'Hajipur', 'hajipur', 0, 5, '', '1', '2022-12-20 04:01:33', '2023-03-24 00:17:28'),
(2033, 'Bhagalpur\r\n', 'Bhagalpur\r\n', 0, 5, '', '1', '2022-12-20 04:01:33', '2023-03-24 00:17:28'),
(2075, 'Patna', 'patna', 0, 5, '', '1', '2022-12-20 04:01:33', '2023-03-24 00:17:28'),
(2753, 'Jorhat', 'jorhat', 0, 4, '', '1', '2022-12-20 04:01:33', '2023-03-24 00:17:29'),
(2805, 'Guwahati', 'guwahati', 0, 4, '', '1', '2022-12-20 04:01:33', '2023-03-24 00:17:29'),
(2829, 'Siliguri', 'siliguri', 0, 35, '', '1', '2022-12-20 04:01:33', '2023-03-24 00:17:29'),
(2848, 'Asansol', 'asansol', 0, 35, '', '1', '2022-12-20 04:01:33', '2023-03-24 00:17:29'),
(2858, 'Cooch Behar', 'cooch-behar', 0, 35, '', '1', '2022-12-20 04:01:33', '2023-03-24 00:17:29'),
(2926, 'Nadia', 'nadia', 0, 35, '', '1', '2022-12-20 04:01:33', '2023-03-24 00:17:29'),
(2964, 'Burdwan', 'burdwan', 0, 35, '', '1', '2022-12-20 04:01:33', '2023-03-24 00:17:29'),
(3128, 'Midnapore', 'midnapore', 0, 35, '', '1', '2022-12-20 04:01:33', '2023-03-24 00:17:30'),
(3259, 'Dhanbad', 'dhanbad', 0, 16, '', '1', '2022-12-20 04:01:33', '2023-03-24 00:17:30'),
(3328, 'Hazaribag', 'hazaribag', 0, 16, '', '1', '2022-12-20 04:01:33', '2023-03-24 00:17:30'),
(3385, 'Jamshedpur', 'jamshedpur', 0, 16, '', '1', '2022-12-20 04:01:33', '2023-03-24 00:17:30'),
(3637, 'Cuttack', 'cuttack', 0, 26, '', '1', '2022-12-20 04:01:33', '2023-03-24 00:17:31'),
(3730, 'Bhubaneswar', 'bhubaneswar', 0, 26, '', '1', '2022-12-20 04:01:33', '2023-03-24 00:17:31'),
(4450, 'Gandhinagar', 'gandhinagar', 0, 12, '', '1', '2022-12-20 04:01:33', '2023-03-24 00:17:32'),
(4456, 'Ahmedabad', 'ahmedabad', 0, 12, '', '1', '2022-12-20 04:01:33', '2023-03-24 00:17:32'),
(4554, 'Khanpur', 'khanpur', 0, 12, '', '1', '2022-12-20 04:01:33', '2023-03-24 00:17:33'),
(4848, 'Panvel', 'panvel', 0, 21, '', '1', '2022-12-20 04:01:33', '2023-03-24 00:17:33'),
(4869, 'Ahmednagar', 'ahmednagar', 0, 21, '', '1', '2022-12-20 04:01:33', '2023-03-24 00:17:33'),
(6116, 'Palakkad', 'palakkad', 0, 17, '', '1', '2022-12-20 04:01:33', '2023-03-24 00:17:36'),
(6222, 'Purulia', 'purulia', 0, 17, '', '1', '2022-12-20 04:01:33', '2023-03-24 00:17:36'),
(6335, 'Cochin', 'cochin', 0, 18, '', '1', '2022-12-20 04:01:33', '2023-03-24 00:17:36'),
(6426, 'Gandhipuram', 'gandhipuram', 0, 31, '', '1', '2022-12-20 04:01:33', '2023-03-24 00:17:36'),
(6600, 'Kolkata', 'kolkata', 0, 35, '', '1', '2022-12-20 04:01:33', '2022-12-20 04:01:51'),
(6601, 'Ranchi', 'ranchi', 0, 16, '', '1', '2022-12-20 04:01:33', '2023-03-24 00:17:37'),
(6607, 'Howrah', 'howrah', 0, 35, '', '1', '2022-12-20 04:01:33', '2023-03-24 00:17:37'),
(6608, 'Mumbai', 'mumbai', 0, 21, '', '1', '2022-12-20 04:01:33', '2023-03-24 00:17:37'),
(6610, 'Noida', 'noida', 0, 33, '', '1', '2022-12-20 04:01:33', '2023-03-24 00:17:37'),
(6611, 'Hyderabad', 'hyderabad', 0, 36, '', '1', '2022-12-20 04:01:33', '2023-03-24 00:17:37'),
(6613, 'Bengaluru', 'bengaluru', 0, 37, '', '1', '2022-12-20 04:01:33', '2022-12-20 04:01:51'),
(6614, 'Kolhapur', 'kolhapur', 0, 21, '', '1', '2022-12-20 04:01:33', '2023-03-24 00:17:37'),
(6615, 'Malappuram', 'malappuram', 0, 18, '', '1', '2022-12-20 04:01:33', '2023-03-24 00:17:36'),
(6616, 'City', 'city', 0, 0, 'description', 'status', '0000-00-00 00:00:00', '0000-00-00 00:00:00'),
(6617, 'Amritsar', 'amritsar', 0, 6, '', '1', '0000-00-00 00:00:00', '0000-00-00 00:00:00'),
(6618, 'Faridkot', 'faridkot', 0, 6, '', '1', '0000-00-00 00:00:00', '0000-00-00 00:00:00'),
(6619, 'Fatehgarh Sahib', 'fatehgarh-sahib', 0, 6, '', '1', '0000-00-00 00:00:00', '0000-00-00 00:00:00'),
(6620, 'Firozpur', 'firozpur', 0, 6, '', '1', '0000-00-00 00:00:00', '0000-00-00 00:00:00'),
(6621, 'Garhshankar', 'garhshankar', 0, 6, '', '1', '0000-00-00 00:00:00', '0000-00-00 00:00:00'),
(6622, 'Gurdaspur', 'gurdaspur', 0, 6, '', '1', '0000-00-00 00:00:00', '0000-00-00 00:00:00'),
(6623, 'Hakuwala', 'hakuwala', 0, 6, '', '1', '0000-00-00 00:00:00', '0000-00-00 00:00:00'),
(6624, 'Haryana', 'haryana', 0, 6, '', '1', '0000-00-00 00:00:00', '0000-00-00 00:00:00'),
(6625, 'Hoshiarpur', 'hoshiarpur', 0, 6, '', '1', '0000-00-00 00:00:00', '0000-00-00 00:00:00'),
(6626, 'Kapurthala', 'kapurthala', 0, 6, '', '1', '0000-00-00 00:00:00', '0000-00-00 00:00:00'),
(6627, 'Khanna', 'khanna', 0, 6, '', '1', '0000-00-00 00:00:00', '0000-00-00 00:00:00'),
(6628, 'Kotkapura', 'kotkapura', 0, 6, '', '1', '0000-00-00 00:00:00', '0000-00-00 00:00:00'),
(6629, 'Ludhiana', 'ludhiana', 0, 6, '', '1', '0000-00-00 00:00:00', '0000-00-00 00:00:00'),
(6630, 'Mansa', 'mansa', 0, 6, '', '1', '0000-00-00 00:00:00', '0000-00-00 00:00:00'),
(6631, 'Moga', 'moga', 0, 6, '', '1', '0000-00-00 00:00:00', '0000-00-00 00:00:00'),
(6632, 'Mohali', 'mohali', 0, 6, '', '1', '0000-00-00 00:00:00', '0000-00-00 00:00:00'),
(6633, 'Muktsar', 'muktsar', 0, 6, '', '1', '0000-00-00 00:00:00', '0000-00-00 00:00:00'),
(6634, 'Nawan Shehar', 'nawan-shehar', 0, 6, '', '1', '0000-00-00 00:00:00', '0000-00-00 00:00:00'),
(6635, 'Patiala', 'patiala', 0, 6, '', '1', '0000-00-00 00:00:00', '0000-00-00 00:00:00'),
(6636, 'Rupnagar', 'rupnagar', 0, 6, '', '1', '0000-00-00 00:00:00', '0000-00-00 00:00:00'),
(6637, 'Sangrur', 'sangrur', 0, 6, '', '1', '0000-00-00 00:00:00', '0000-00-00 00:00:00'),
(6638, 'Andaman Islands', 'andaman-islands', 0, 1, '', '1', '0000-00-00 00:00:00', '0000-00-00 00:00:00'),
(6639, 'Nicobar Islands', 'nicobar-islands', 0, 1, '', '1', '0000-00-00 00:00:00', '0000-00-00 00:00:00'),
(6640, 'Anantapur', 'anantapur', 0, 2, '', '1', '0000-00-00 00:00:00', '0000-00-00 00:00:00'),
(6641, 'Chittoor', 'chittoor', 0, 2, '', '1', '0000-00-00 00:00:00', '0000-00-00 00:00:00'),
(6642, 'Cuddapah', 'cuddapah', 0, 2, '', '1', '0000-00-00 00:00:00', '0000-00-00 00:00:00'),
(6643, 'East Godavari', 'east-godavari', 0, 2, '', '1', '0000-00-00 00:00:00', '0000-00-00 00:00:00'),
(6644, 'Eluru', 'eluru', 0, 2, '', '1', '0000-00-00 00:00:00', '0000-00-00 00:00:00'),
(6645, 'Gajuwaka', 'gajuwaka', 0, 2, '', '1', '0000-00-00 00:00:00', '0000-00-00 00:00:00'),
(6646, 'Guntur', 'guntur', 0, 2, '', '1', '0000-00-00 00:00:00', '0000-00-00 00:00:00'),
(6647, 'Kadapa', 'kadapa', 0, 2, '', '1', '0000-00-00 00:00:00', '0000-00-00 00:00:00'),
(6648, 'Kakinada', 'kakinada', 0, 2, '', '1', '0000-00-00 00:00:00', '0000-00-00 00:00:00'),
(6649, 'Khammam', 'khammam', 0, 2, '', '1', '0000-00-00 00:00:00', '0000-00-00 00:00:00'),
(6650, 'Krishna', 'krishna', 0, 2, '', '1', '0000-00-00 00:00:00', '0000-00-00 00:00:00'),
(6651, 'Kurnool', 'kurnool', 0, 2, '', '1', '0000-00-00 00:00:00', '0000-00-00 00:00:00'),
(6652, 'Mahbubnagar', 'mahbubnagar', 0, 2, '', '1', '0000-00-00 00:00:00', '0000-00-00 00:00:00'),
(6653, 'Medak', 'medak', 0, 2, '', '1', '0000-00-00 00:00:00', '0000-00-00 00:00:00'),
(6654, 'Mehdipatnam', 'mehdipatnam', 0, 2, '', '1', '0000-00-00 00:00:00', '0000-00-00 00:00:00'),
(6655, 'Nalgonda', 'nalgonda', 0, 2, '', '1', '0000-00-00 00:00:00', '0000-00-00 00:00:00'),
(6656, 'Nellore', 'nellore', 0, 2, '', '1', '0000-00-00 00:00:00', '0000-00-00 00:00:00'),
(6657, 'Nizamabad', 'nizamabad', 0, 2, '', '1', '0000-00-00 00:00:00', '0000-00-00 00:00:00'),
(6658, 'Prakasam', 'prakasam', 0, 2, '', '1', '0000-00-00 00:00:00', '0000-00-00 00:00:00'),
(6659, 'Rajahmundry', 'rajahmundry', 0, 2, '', '1', '0000-00-00 00:00:00', '0000-00-00 00:00:00'),
(6660, 'Rangareddi', 'rangareddi', 0, 2, '', '1', '0000-00-00 00:00:00', '0000-00-00 00:00:00'),
(6661, 'Secunderabad', 'secunderabad', 0, 2, '', '1', '0000-00-00 00:00:00', '0000-00-00 00:00:00'),
(6662, 'Srikakulam', 'srikakulam', 0, 2, '', '1', '0000-00-00 00:00:00', '0000-00-00 00:00:00'),
(6663, 'Tirupathi', 'tirupathi', 0, 2, '', '1', '0000-00-00 00:00:00', '0000-00-00 00:00:00'),
(6664, 'Vijayawada', 'vijayawada', 0, 2, '', '1', '0000-00-00 00:00:00', '0000-00-00 00:00:00'),
(6665, 'Vishakhapatnam', 'vishakhapatnam', 0, 2, '', '1', '0000-00-00 00:00:00', '0000-00-00 00:00:00'),
(6666, 'Vizag', 'vizag', 0, 2, '', '1', '0000-00-00 00:00:00', '0000-00-00 00:00:00'),
(6667, 'Vizianagaram', 'vizianagaram', 0, 2, '', '1', '0000-00-00 00:00:00', '0000-00-00 00:00:00'),
(6668, 'Warangal', 'warangal', 0, 2, '', '1', '0000-00-00 00:00:00', '0000-00-00 00:00:00'),
(6669, 'West Godavari', 'west-godavari', 0, 2, '', '1', '0000-00-00 00:00:00', '0000-00-00 00:00:00'),
(6670, 'Changlang', 'changlang', 0, 3, '', '1', '0000-00-00 00:00:00', '0000-00-00 00:00:00'),
(6671, 'Dibang Valley', 'dibang-valley', 0, 3, '', '1', '0000-00-00 00:00:00', '0000-00-00 00:00:00'),
(6672, 'East Kameng', 'east-kameng', 0, 3, '', '1', '0000-00-00 00:00:00', '0000-00-00 00:00:00'),
(6673, 'East Siang', 'east-siang', 0, 3, '', '1', '0000-00-00 00:00:00', '0000-00-00 00:00:00'),
(6674, 'Lohit', 'lohit', 0, 3, '', '1', '0000-00-00 00:00:00', '0000-00-00 00:00:00'),
(6675, 'Lower Subansiri', 'lower-subansiri', 0, 3, '', '1', '0000-00-00 00:00:00', '0000-00-00 00:00:00'),
(6676, 'Papum Pare', 'papum-pare', 0, 3, '', '1', '0000-00-00 00:00:00', '0000-00-00 00:00:00'),
(6677, 'Tawang', 'tawang', 0, 3, '', '1', '0000-00-00 00:00:00', '0000-00-00 00:00:00'),
(6678, 'Tirap', 'tirap', 0, 3, '', '1', '0000-00-00 00:00:00', '0000-00-00 00:00:00'),
(6679, 'Upper Siang', 'upper-siang', 0, 3, '', '1', '0000-00-00 00:00:00', '0000-00-00 00:00:00'),
(6680, 'Upper Subansiri', 'upper-subansiri', 0, 3, '', '1', '0000-00-00 00:00:00', '0000-00-00 00:00:00'),
(6681, 'West Siang', 'west-siang', 0, 3, '', '1', '0000-00-00 00:00:00', '0000-00-00 00:00:00'),
(6682, 'West Kameng', 'west-kameng', 0, 3, '', '1', '0000-00-00 00:00:00', '0000-00-00 00:00:00'),
(6683, 'Barpeta', 'barpeta', 0, 4, '', '1', '0000-00-00 00:00:00', '0000-00-00 00:00:00'),
(6684, 'Bhangagarh', 'bhangagarh', 0, 4, '', '1', '0000-00-00 00:00:00', '0000-00-00 00:00:00'),
(6685, 'Bishwanath', 'bishwanath', 0, 4, '', '1', '0000-00-00 00:00:00', '0000-00-00 00:00:00'),
(6686, 'Bongaigaon', 'bongaigaon', 0, 4, '', '1', '0000-00-00 00:00:00', '0000-00-00 00:00:00'),
(6687, 'Cachar', 'cachar', 0, 4, '', '1', '0000-00-00 00:00:00', '0000-00-00 00:00:00'),
(6688, 'Charaideo', 'charaideo', 0, 4, '', '1', '0000-00-00 00:00:00', '0000-00-00 00:00:00'),
(6689, 'Darrang', 'darrang', 0, 4, '', '1', '0000-00-00 00:00:00', '0000-00-00 00:00:00'),
(6690, 'Dhemaji', 'dhemaji', 0, 4, '', '1', '0000-00-00 00:00:00', '0000-00-00 00:00:00'),
(6691, 'Dhubri', 'dhubri', 0, 4, '', '1', '0000-00-00 00:00:00', '0000-00-00 00:00:00'),
(6692, 'Dibrugarh', 'dibrugarh', 0, 4, '', '1', '0000-00-00 00:00:00', '0000-00-00 00:00:00'),
(6693, 'Goalpara', 'goalpara', 0, 4, '', '1', '0000-00-00 00:00:00', '0000-00-00 00:00:00'),
(6694, 'Golaghat', 'golaghat', 0, 4, '', '1', '0000-00-00 00:00:00', '0000-00-00 00:00:00'),
(6695, 'Hailakandi', 'hailakandi', 0, 4, '', '1', '0000-00-00 00:00:00', '0000-00-00 00:00:00'),
(6696, 'Hojai', 'hojai', 0, 4, '', '1', '0000-00-00 00:00:00', '0000-00-00 00:00:00'),
(6697, 'Kamrup', 'kamrup', 0, 4, '', '1', '0000-00-00 00:00:00', '0000-00-00 00:00:00'),
(6698, 'Karbi Anglong', 'karbi-anglong', 0, 4, '', '1', '0000-00-00 00:00:00', '0000-00-00 00:00:00'),
(6699, 'Karimganj', 'karimganj', 0, 4, '', '1', '0000-00-00 00:00:00', '0000-00-00 00:00:00'),
(6700, 'Kokrajhar', 'kokrajhar', 0, 4, '', '1', '0000-00-00 00:00:00', '0000-00-00 00:00:00'),
(6701, 'Lakhimpur', 'lakhimpur', 0, 4, '', '1', '0000-00-00 00:00:00', '0000-00-00 00:00:00'),
(6702, 'Majuli', 'majuli', 0, 4, '', '1', '0000-00-00 00:00:00', '0000-00-00 00:00:00'),
(6703, 'Marigaon', 'marigaon', 0, 4, '', '1', '0000-00-00 00:00:00', '0000-00-00 00:00:00'),
(6704, 'Nagaon', 'nagaon', 0, 4, '', '1', '0000-00-00 00:00:00', '0000-00-00 00:00:00'),
(6705, 'Nalbari', 'nalbari', 0, 4, '', '1', '0000-00-00 00:00:00', '0000-00-00 00:00:00'),
(6706, 'North Cachar Hills', 'north-cachar-hills', 0, 4, '', '1', '0000-00-00 00:00:00', '0000-00-00 00:00:00'),
(6707, 'Sibsagar', 'sibsagar', 0, 4, '', '1', '0000-00-00 00:00:00', '0000-00-00 00:00:00'),
(6708, 'Silchar', 'silchar', 0, 4, '', '1', '0000-00-00 00:00:00', '0000-00-00 00:00:00'),
(6709, 'Sonitpur', 'sonitpur', 0, 4, '', '1', '0000-00-00 00:00:00', '0000-00-00 00:00:00'),
(6710, 'Tezpur', 'tezpur', 0, 4, '', '1', '0000-00-00 00:00:00', '0000-00-00 00:00:00'),
(6711, 'Tinsukia', 'tinsukia', 0, 4, '', '1', '0000-00-00 00:00:00', '0000-00-00 00:00:00'),
(6712, 'Ara', 'ara', 0, 5, '', '1', '0000-00-00 00:00:00', '0000-00-00 00:00:00'),
(6713, 'Araria', 'araria', 0, 5, '', '1', '0000-00-00 00:00:00', '0000-00-00 00:00:00'),
(6714, 'Aurangabad Bihar', 'aurangabad-bihar', 0, 5, '', '1', '0000-00-00 00:00:00', '0000-00-00 00:00:00'),
(6715, 'Banka', 'banka', 0, 5, '', '1', '0000-00-00 00:00:00', '0000-00-00 00:00:00'),
(6716, 'Begusarai', 'begusarai', 0, 5, '', '1', '0000-00-00 00:00:00', '0000-00-00 00:00:00'),
(6717, 'Bettiah', 'bettiah', 0, 5, '', '1', '0000-00-00 00:00:00', '0000-00-00 00:00:00'),
(6718, 'Bhagalpur', 'bhagalpur', 0, 5, '', '1', '0000-00-00 00:00:00', '0000-00-00 00:00:00'),
(6719, 'Bhojpur', 'bhojpur', 0, 5, '', '1', '0000-00-00 00:00:00', '0000-00-00 00:00:00'),
(6720, 'Buxar', 'buxar', 0, 5, '', '1', '0000-00-00 00:00:00', '0000-00-00 00:00:00'),
(6721, 'Danapur', 'danapur', 0, 5, '', '1', '0000-00-00 00:00:00', '0000-00-00 00:00:00'),
(6722, 'Darbhanga', 'darbhanga', 0, 5, '', '1', '0000-00-00 00:00:00', '0000-00-00 00:00:00'),
(6723, 'Gaya', 'gaya', 0, 5, '', '1', '0000-00-00 00:00:00', '0000-00-00 00:00:00'),
(6724, 'Gopalganj', 'gopalganj', 0, 5, '', '1', '0000-00-00 00:00:00', '0000-00-00 00:00:00'),
(6725, 'Jamui', 'jamui', 0, 5, '', '1', '0000-00-00 00:00:00', '0000-00-00 00:00:00'),
(6726, 'Jehanabad', 'jehanabad', 0, 5, '', '1', '0000-00-00 00:00:00', '0000-00-00 00:00:00'),
(6727, 'Kaimur', 'kaimur', 0, 5, '', '1', '0000-00-00 00:00:00', '0000-00-00 00:00:00'),
(6728, 'Kankarbagh', 'kankarbagh', 0, 5, '', '1', '0000-00-00 00:00:00', '0000-00-00 00:00:00'),
(6729, 'Katihar', 'katihar', 0, 5, '', '1', '0000-00-00 00:00:00', '0000-00-00 00:00:00'),
(6730, 'Khagaria', 'khagaria', 0, 5, '', '1', '0000-00-00 00:00:00', '0000-00-00 00:00:00'),
(6731, 'Kishanganj', 'kishanganj', 0, 5, '', '1', '0000-00-00 00:00:00', '0000-00-00 00:00:00'),
(6732, 'Lakhisarai', 'lakhisarai', 0, 5, '', '1', '0000-00-00 00:00:00', '0000-00-00 00:00:00'),
(6733, 'Madhepura', 'madhepura', 0, 5, '', '1', '0000-00-00 00:00:00', '0000-00-00 00:00:00'),
(6734, 'Madhubani', 'madhubani', 0, 5, '', '1', '0000-00-00 00:00:00', '0000-00-00 00:00:00'),
(6735, 'Munger', 'munger', 0, 5, '', '1', '0000-00-00 00:00:00', '0000-00-00 00:00:00'),
(6736, 'Muzaffarpur', 'muzaffarpur', 0, 5, '', '1', '0000-00-00 00:00:00', '0000-00-00 00:00:00'),
(6737, 'Nalanda', 'nalanda', 0, 5, '', '1', '0000-00-00 00:00:00', '0000-00-00 00:00:00'),
(6738, 'Nawada', 'nawada', 0, 5, '', '1', '0000-00-00 00:00:00', '0000-00-00 00:00:00'),
(6739, 'Pashchim Champaran', 'pashchim-champaran', 0, 5, '', '1', '0000-00-00 00:00:00', '0000-00-00 00:00:00'),
(6740, 'Patna', 'patna', 0, 5, '', '1', '0000-00-00 00:00:00', '0000-00-00 00:00:00'),
(6741, 'Purba Champaran', 'purba-champaran', 0, 5, '', '1', '0000-00-00 00:00:00', '0000-00-00 00:00:00'),
(6742, 'Purnia', 'purnia', 0, 5, '', '1', '0000-00-00 00:00:00', '0000-00-00 00:00:00'),
(6743, 'Rohtas', 'rohtas', 0, 5, '', '1', '0000-00-00 00:00:00', '0000-00-00 00:00:00'),
(6744, 'Saharsa', 'saharsa', 0, 5, '', '1', '0000-00-00 00:00:00', '0000-00-00 00:00:00'),
(6745, 'Samastipur', 'samastipur', 0, 5, '', '1', '0000-00-00 00:00:00', '0000-00-00 00:00:00'),
(6746, 'Saran', 'saran', 0, 5, '', '1', '0000-00-00 00:00:00', '0000-00-00 00:00:00'),
(6747, 'Sheikhpura', 'sheikhpura', 0, 5, '', '1', '0000-00-00 00:00:00', '0000-00-00 00:00:00'),
(6748, 'Sheohar', 'sheohar', 0, 5, '', '1', '0000-00-00 00:00:00', '0000-00-00 00:00:00'),
(6749, 'Sitamarhi', 'sitamarhi', 0, 5, '', '1', '0000-00-00 00:00:00', '0000-00-00 00:00:00'),
(6750, 'Siwan', 'siwan', 0, 5, '', '1', '0000-00-00 00:00:00', '0000-00-00 00:00:00'),
(6751, 'Supaul', 'supaul', 0, 5, '', '1', '0000-00-00 00:00:00', '0000-00-00 00:00:00'),
(6752, 'Vaishali', 'vaishali', 0, 5, '', '1', '0000-00-00 00:00:00', '0000-00-00 00:00:00'),
(6753, 'Bastar', 'bastar', 0, 7, '', '1', '0000-00-00 00:00:00', '0000-00-00 00:00:00'),
(6754, 'Bhatapara', 'bhatapara', 0, 7, '', '1', '0000-00-00 00:00:00', '0000-00-00 00:00:00'),
(6755, 'Bhillai', 'bhillai', 0, 7, '', '1', '0000-00-00 00:00:00', '0000-00-00 00:00:00'),
(6756, 'Bilaspur', 'bilaspur', 0, 7, '', '1', '0000-00-00 00:00:00', '0000-00-00 00:00:00'),
(6757, 'Birgaon', 'birgaon', 0, 7, '', '1', '0000-00-00 00:00:00', '0000-00-00 00:00:00'),
(6758, 'Dantewada', 'dantewada', 0, 7, '', '1', '0000-00-00 00:00:00', '0000-00-00 00:00:00'),
(6759, 'Dhamtari', 'dhamtari', 0, 7, '', '1', '0000-00-00 00:00:00', '0000-00-00 00:00:00'),
(6760, 'Durg', 'durg', 0, 7, '', '1', '0000-00-00 00:00:00', '0000-00-00 00:00:00'),
(6761, 'Jagadalpur', 'jagadalpur', 0, 7, '', '1', '0000-00-00 00:00:00', '0000-00-00 00:00:00'),
(6762, 'Janjgir-Champa', 'janjgir-champa', 0, 7, '', '1', '0000-00-00 00:00:00', '0000-00-00 00:00:00'),
(6763, 'Jashpur', 'jashpur', 0, 7, '', '1', '0000-00-00 00:00:00', '0000-00-00 00:00:00'),
(6764, 'Kanker', 'kanker', 0, 7, '', '1', '0000-00-00 00:00:00', '0000-00-00 00:00:00'),
(6765, 'Kawardha', 'kawardha', 0, 7, '', '1', '0000-00-00 00:00:00', '0000-00-00 00:00:00'),
(6766, 'Kondagaon', 'kondagaon', 0, 7, '', '1', '0000-00-00 00:00:00', '0000-00-00 00:00:00'),
(6767, 'Korba', 'korba', 0, 7, '', '1', '0000-00-00 00:00:00', '0000-00-00 00:00:00'),
(6768, 'Koriya', 'koriya', 0, 7, '', '1', '0000-00-00 00:00:00', '0000-00-00 00:00:00'),
(6769, 'Mahasamund', 'mahasamund', 0, 7, '', '1', '0000-00-00 00:00:00', '0000-00-00 00:00:00'),
(6770, 'Mungeli', 'mungeli', 0, 7, '', '1', '0000-00-00 00:00:00', '0000-00-00 00:00:00'),
(6771, 'Naranpur', 'naranpur', 0, 7, '', '1', '0000-00-00 00:00:00', '0000-00-00 00:00:00'),
(6772, 'Narayanpur', 'narayanpur', 0, 7, '', '1', '0000-00-00 00:00:00', '0000-00-00 00:00:00'),
(6773, 'Raipur', 'raipur', 0, 7, '', '1', '0000-00-00 00:00:00', '0000-00-00 00:00:00'),
(6774, 'Raigarh', 'raigarh', 0, 7, '', '1', '0000-00-00 00:00:00', '0000-00-00 00:00:00'),
(6775, 'Rajnandgaon', 'rajnandgaon', 0, 7, '', '1', '0000-00-00 00:00:00', '0000-00-00 00:00:00'),
(6776, 'SURAJPUR', 'surajpur', 0, 7, '', '1', '0000-00-00 00:00:00', '0000-00-00 00:00:00'),
(6777, 'Surguja', 'surguja', 0, 7, '', '1', '0000-00-00 00:00:00', '0000-00-00 00:00:00'),
(6778, 'Dadra and Nagar Haveli', 'dadra-nagar-haveli', 0, 8, '', '1', '0000-00-00 00:00:00', '0000-00-00 00:00:00'),
(6779, 'Silvassa', 'silvassa', 0, 8, '', '1', '0000-00-00 00:00:00', '0000-00-00 00:00:00'),
(6780, 'Daman', 'daman', 0, 9, '', '1', '0000-00-00 00:00:00', '0000-00-00 00:00:00'),
(6781, 'Diu', 'diu', 0, 9, '', '1', '0000-00-00 00:00:00', '0000-00-00 00:00:00'),
(6782, 'North Goa', 'north-goa', 0, 11, '', '1', '0000-00-00 00:00:00', '0000-00-00 00:00:00'),
(6783, 'Sankli', 'sankli', 0, 11, '', '1', '0000-00-00 00:00:00', '0000-00-00 00:00:00'),
(6784, 'South Goa', 'south-goa', 0, 11, '', '1', '0000-00-00 00:00:00', '0000-00-00 00:00:00'),
(6785, 'Amreli', 'amreli', 0, 12, '', '1', '0000-00-00 00:00:00', '0000-00-00 00:00:00'),
(6786, 'Anand', 'anand', 0, 12, '', '1', '0000-00-00 00:00:00', '0000-00-00 00:00:00'),
(6787, 'Banas Kantha', 'banas-kantha', 0, 12, '', '1', '0000-00-00 00:00:00', '0000-00-00 00:00:00'),
(6788, 'Bharuch', 'bharuch', 0, 12, '', '1', '0000-00-00 00:00:00', '0000-00-00 00:00:00'),
(6789, 'Bhavnagar', 'bhavnagar', 0, 12, '', '1', '0000-00-00 00:00:00', '0000-00-00 00:00:00'),
(6790, 'Bhuj', 'bhuj', 0, 12, '', '1', '0000-00-00 00:00:00', '0000-00-00 00:00:00'),
(6791, 'Dahod', 'dahod', 0, 12, '', '1', '0000-00-00 00:00:00', '0000-00-00 00:00:00'),
(6792, 'Deodar', 'deodar', 0, 12, '', '1', '0000-00-00 00:00:00', '0000-00-00 00:00:00'),
(6793, 'Gandhidham', 'gandhidham', 0, 12, '', '1', '0000-00-00 00:00:00', '0000-00-00 00:00:00'),
(6794, 'Godhra', 'godhra', 0, 12, '', '1', '0000-00-00 00:00:00', '0000-00-00 00:00:00'),
(6795, 'Himmat Nagar', 'himmat-nagar', 0, 12, '', '1', '0000-00-00 00:00:00', '0000-00-00 00:00:00'),
(6796, 'Jamnagar', 'jamnagar', 0, 12, '', '1', '0000-00-00 00:00:00', '0000-00-00 00:00:00'),
(6797, 'Junagadh', 'junagadh', 0, 12, '', '1', '0000-00-00 00:00:00', '0000-00-00 00:00:00'),
(6798, 'Kachchh', 'kachchh', 0, 12, '', '1', '0000-00-00 00:00:00', '0000-00-00 00:00:00'),
(6799, 'Kheda', 'kheda', 0, 12, '', '1', '0000-00-00 00:00:00', '0000-00-00 00:00:00'),
(6800, 'Mahesana', 'mahesana', 0, 12, '', '1', '0000-00-00 00:00:00', '0000-00-00 00:00:00'),
(6801, 'Morbi', 'morbi', 0, 12, '', '1', '0000-00-00 00:00:00', '0000-00-00 00:00:00'),
(6802, 'Nadiad', 'nadiad', 0, 12, '', '1', '0000-00-00 00:00:00', '0000-00-00 00:00:00'),
(6803, 'Narmada', 'narmada', 0, 12, '', '1', '0000-00-00 00:00:00', '0000-00-00 00:00:00'),
(6804, 'Navsari', 'navsari', 0, 12, '', '1', '0000-00-00 00:00:00', '0000-00-00 00:00:00'),
(6805, 'Panch Mahals', 'panch-mahals', 0, 12, '', '1', '0000-00-00 00:00:00', '0000-00-00 00:00:00'),
(6806, 'Patan', 'patan', 0, 12, '', '1', '0000-00-00 00:00:00', '0000-00-00 00:00:00'),
(6807, 'Porbandar', 'porbandar', 0, 12, '', '1', '0000-00-00 00:00:00', '0000-00-00 00:00:00'),
(6808, 'Rajkot', 'rajkot', 0, 12, '', '1', '0000-00-00 00:00:00', '0000-00-00 00:00:00'),
(6809, 'Sabar Kantha', 'sabar-kantha', 0, 12, '', '1', '0000-00-00 00:00:00', '0000-00-00 00:00:00'),
(6810, 'Surat', 'surat', 0, 12, '', '1', '0000-00-00 00:00:00', '0000-00-00 00:00:00'),
(6811, 'Surendranagar', 'surendranagar', 0, 12, '', '1', '0000-00-00 00:00:00', '0000-00-00 00:00:00'),
(6812, 'The Dangs', 'the-dangs', 0, 12, '', '1', '0000-00-00 00:00:00', '0000-00-00 00:00:00'),
(6813, 'Vadodara', 'vadodara', 0, 12, '', '1', '0000-00-00 00:00:00', '0000-00-00 00:00:00'),
(6814, 'Valsad', 'valsad', 0, 12, '', '1', '0000-00-00 00:00:00', '0000-00-00 00:00:00'),
(6815, 'Vapi', 'vapi', 0, 12, '', '1', '0000-00-00 00:00:00', '0000-00-00 00:00:00'),
(6816, 'Viramgam', 'viramgam', 0, 12, '', '1', '0000-00-00 00:00:00', '0000-00-00 00:00:00'),
(6817, 'Ambala', 'ambala', 0, 13, '', '1', '0000-00-00 00:00:00', '0000-00-00 00:00:00'),
(6818, 'Bahadurgarh', 'bahadurgarh', 0, 13, '', '1', '0000-00-00 00:00:00', '0000-00-00 00:00:00'),
(6819, 'Bhiwani', 'bhiwani', 0, 13, '', '1', '0000-00-00 00:00:00', '0000-00-00 00:00:00'),
(6820, 'Fatehabad', 'fatehabad', 0, 13, '', '1', '0000-00-00 00:00:00', '0000-00-00 00:00:00'),
(6821, 'Hissar', 'hissar', 0, 13, '', '1', '0000-00-00 00:00:00', '0000-00-00 00:00:00'),
(6822, 'Jhajjar', 'jhajjar', 0, 13, '', '1', '0000-00-00 00:00:00', '0000-00-00 00:00:00'),
(6823, 'Jind', 'jind', 0, 13, '', '1', '0000-00-00 00:00:00', '0000-00-00 00:00:00'),
(6824, 'Kaithal', 'kaithal', 0, 13, '', '1', '0000-00-00 00:00:00', '0000-00-00 00:00:00'),
(6825, 'Karnal', 'karnal', 0, 13, '', '1', '0000-00-00 00:00:00', '0000-00-00 00:00:00'),
(6826, 'Kurukshetra', 'kurukshetra', 0, 13, '', '1', '0000-00-00 00:00:00', '0000-00-00 00:00:00'),
(6827, 'Mahendragarh', 'mahendragarh', 0, 13, '', '1', '0000-00-00 00:00:00', '0000-00-00 00:00:00'),
(6828, 'Narnaul', 'narnaul', 0, 13, '', '1', '0000-00-00 00:00:00', '0000-00-00 00:00:00'),
(6829, 'Panchkula', 'panchkula', 0, 13, '', '1', '0000-00-00 00:00:00', '0000-00-00 00:00:00'),
(6830, 'Panipat', 'panipat', 0, 13, '', '1', '0000-00-00 00:00:00', '0000-00-00 00:00:00'),
(6831, 'Rewari', 'rewari', 0, 13, '', '1', '0000-00-00 00:00:00', '0000-00-00 00:00:00'),
(6832, 'Rohtak', 'rohtak', 0, 13, '', '1', '0000-00-00 00:00:00', '0000-00-00 00:00:00'),
(6833, 'Sirsa', 'sirsa', 0, 13, '', '1', '0000-00-00 00:00:00', '0000-00-00 00:00:00'),
(6834, 'Sonepat', 'sonepat', 0, 13, '', '1', '0000-00-00 00:00:00', '0000-00-00 00:00:00'),
(6835, 'Yamuna Nagar', 'yamuna-nagar', 0, 13, '', '1', '0000-00-00 00:00:00', '0000-00-00 00:00:00'),
(6836, 'Chamba', 'chamba', 0, 14, '', '1', '0000-00-00 00:00:00', '0000-00-00 00:00:00'),
(6837, 'Hamirpur', 'hamirpur', 0, 14, '', '1', '0000-00-00 00:00:00', '0000-00-00 00:00:00'),
(6838, 'Kangra', 'kangra', 0, 14, '', '1', '0000-00-00 00:00:00', '0000-00-00 00:00:00'),
(6839, 'Kinnaur', 'kinnaur', 0, 14, '', '1', '0000-00-00 00:00:00', '0000-00-00 00:00:00'),
(6840, 'Kulu', 'kulu', 0, 14, '', '1', '0000-00-00 00:00:00', '0000-00-00 00:00:00'),
(6841, 'Lahaul and Spiti', 'lahaul-and-spiti', 0, 14, '', '1', '0000-00-00 00:00:00', '0000-00-00 00:00:00'),
(6842, 'Lambagaon', 'lambagaon', 0, 14, '', '1', '0000-00-00 00:00:00', '0000-00-00 00:00:00'),
(6843, 'Mandi', 'mandi', 0, 14, '', '1', '0000-00-00 00:00:00', '0000-00-00 00:00:00'),
(6844, 'Shimla', 'shimla', 0, 14, '', '1', '0000-00-00 00:00:00', '0000-00-00 00:00:00'),
(6845, 'Sirmaur', 'sirmaur', 0, 14, '', '1', '0000-00-00 00:00:00', '0000-00-00 00:00:00'),
(6846, 'Solan', 'solan', 0, 14, '', '1', '0000-00-00 00:00:00', '0000-00-00 00:00:00'),
(6847, 'Una', 'una', 0, 14, '', '1', '0000-00-00 00:00:00', '0000-00-00 00:00:00'),
(6848, 'Anantnag', 'anantnag', 0, 15, '', '1', '0000-00-00 00:00:00', '0000-00-00 00:00:00'),
(6849, 'Badgam', 'badgam', 0, 15, '', '1', '0000-00-00 00:00:00', '0000-00-00 00:00:00'),
(6850, 'Baramula', 'baramula', 0, 15, '', '1', '0000-00-00 00:00:00', '0000-00-00 00:00:00'),
(6851, 'Doda', 'doda', 0, 15, '', '1', '0000-00-00 00:00:00', '0000-00-00 00:00:00'),
(6852, 'Kargil', 'kargil', 0, 15, '', '1', '0000-00-00 00:00:00', '0000-00-00 00:00:00'),
(6853, 'Kathua', 'kathua', 0, 15, '', '1', '0000-00-00 00:00:00', '0000-00-00 00:00:00'),
(6854, 'Kupwara', 'kupwara', 0, 15, '', '1', '0000-00-00 00:00:00', '0000-00-00 00:00:00'),
(6855, 'Leh', 'leh', 0, 15, '', '1', '0000-00-00 00:00:00', '0000-00-00 00:00:00'),
(6856, 'Poonch', 'poonch', 0, 15, '', '1', '0000-00-00 00:00:00', '0000-00-00 00:00:00'),
(6857, 'Pulwama', 'pulwama', 0, 15, '', '1', '0000-00-00 00:00:00', '0000-00-00 00:00:00'),
(6858, 'Rajauri', 'rajauri', 0, 15, '', '1', '0000-00-00 00:00:00', '0000-00-00 00:00:00'),
(6859, 'Srinagar', 'srinagar', 0, 15, '', '1', '0000-00-00 00:00:00', '0000-00-00 00:00:00'),
(6860, 'Udhampur', 'udhampur', 0, 15, '', '1', '0000-00-00 00:00:00', '0000-00-00 00:00:00'),
(6861, 'Vijaypur', 'vijaypur', 0, 15, '', '1', '0000-00-00 00:00:00', '0000-00-00 00:00:00'),
(6862, 'Bokaro', 'bokaro', 0, 16, '', '1', '0000-00-00 00:00:00', '0000-00-00 00:00:00'),
(6863, 'Chatra', 'chatra', 0, 16, '', '1', '0000-00-00 00:00:00', '0000-00-00 00:00:00'),
(6864, 'Deoghar', 'deoghar', 0, 16, '', '1', '0000-00-00 00:00:00', '0000-00-00 00:00:00'),
(6865, 'Dumka', 'dumka', 0, 16, '', '1', '0000-00-00 00:00:00', '0000-00-00 00:00:00'),
(6866, 'Garhwa', 'garhwa', 0, 16, '', '1', '0000-00-00 00:00:00', '0000-00-00 00:00:00'),
(6867, 'Giridih', 'giridih', 0, 16, '', '1', '0000-00-00 00:00:00', '0000-00-00 00:00:00'),
(6868, 'Godda', 'godda', 0, 16, '', '1', '0000-00-00 00:00:00', '0000-00-00 00:00:00'),
(6869, 'Gumla', 'gumla', 0, 16, '', '1', '0000-00-00 00:00:00', '0000-00-00 00:00:00'),
(6870, 'Hazaribagh', 'hazaribagh', 0, 16, '', '1', '0000-00-00 00:00:00', '0000-00-00 00:00:00'),
(6871, 'Koderma', 'koderma', 0, 16, '', '1', '0000-00-00 00:00:00', '0000-00-00 00:00:00'),
(6872, 'Lohardaga', 'lohardaga', 0, 16, '', '1', '0000-00-00 00:00:00', '0000-00-00 00:00:00'),
(6873, 'Pakur', 'pakur', 0, 16, '', '1', '0000-00-00 00:00:00', '0000-00-00 00:00:00'),
(6874, 'Palamu', 'palamu', 0, 16, '', '1', '0000-00-00 00:00:00', '0000-00-00 00:00:00'),
(6875, 'Pashchim Singhbhum', 'pashchim-singhbhum', 0, 16, '', '1', '0000-00-00 00:00:00', '0000-00-00 00:00:00'),
(6876, 'Purba Singhbhum', 'purba-singhbhum', 0, 16, '', '1', '0000-00-00 00:00:00', '0000-00-00 00:00:00'),
(6877, 'Ramgarh', 'ramgarh', 0, 16, '', '1', '0000-00-00 00:00:00', '0000-00-00 00:00:00'),
(6878, 'Sahibganj', 'sahibganj', 0, 16, '', '1', '0000-00-00 00:00:00', '0000-00-00 00:00:00'),
(6879, 'Bagalkot', 'bagalkot', 0, 37, '', '1', '0000-00-00 00:00:00', '0000-00-00 00:00:00'),
(6880, 'Bangalore', 'bangalore', 0, 37, '', '1', '0000-00-00 00:00:00', '0000-00-00 00:00:00'),
(6881, 'Belgaum', 'belgaum', 0, 37, '', '1', '0000-00-00 00:00:00', '0000-00-00 00:00:00'),
(6882, 'Bellary', 'bellary', 0, 37, '', '1', '0000-00-00 00:00:00', '0000-00-00 00:00:00'),
(6883, 'Bidar', 'bidar', 0, 37, '', '1', '0000-00-00 00:00:00', '0000-00-00 00:00:00'),
(6884, 'Bijapur', 'bijapur', 0, 37, '', '1', '0000-00-00 00:00:00', '0000-00-00 00:00:00'),
(6885, 'Chamrajnagar', 'chamrajnagar', 0, 37, '', '1', '0000-00-00 00:00:00', '0000-00-00 00:00:00'),
(6886, 'Chikmagalur', 'chikmagalur', 0, 37, '', '1', '0000-00-00 00:00:00', '0000-00-00 00:00:00'),
(6887, 'Chitradurga', 'chitradurga', 0, 37, '', '1', '0000-00-00 00:00:00', '0000-00-00 00:00:00'),
(6888, 'Dakshina Kannada', 'dakshina-kannada', 0, 37, '', '1', '0000-00-00 00:00:00', '0000-00-00 00:00:00'),
(6889, 'Davanagere', 'davanagere', 0, 37, '', '1', '0000-00-00 00:00:00', '0000-00-00 00:00:00'),
(6890, 'Dharwad', 'dharwad', 0, 37, '', '1', '0000-00-00 00:00:00', '0000-00-00 00:00:00'),
(6891, 'Gadag', 'gadag', 0, 37, '', '1', '0000-00-00 00:00:00', '0000-00-00 00:00:00'),
(6892, 'Gulbarga', 'gulbarga', 0, 37, '', '1', '0000-00-00 00:00:00', '0000-00-00 00:00:00'),
(6893, 'Hassan', 'hassan', 0, 37, '', '1', '0000-00-00 00:00:00', '0000-00-00 00:00:00'),
(6894, 'Haveri', 'haveri', 0, 37, '', '1', '0000-00-00 00:00:00', '0000-00-00 00:00:00'),
(6895, 'Hubali', 'hubali', 0, 37, '', '1', '0000-00-00 00:00:00', '0000-00-00 00:00:00'),
(6896, 'karnataka', 'karnataka', 0, 37, '', '1', '0000-00-00 00:00:00', '0000-00-00 00:00:00'),
(6897, 'Kodagu', 'kodagu', 0, 37, '', '1', '0000-00-00 00:00:00', '0000-00-00 00:00:00'),
(6898, 'Kolar', 'kolar', 0, 37, '', '1', '0000-00-00 00:00:00', '0000-00-00 00:00:00'),
(6899, 'Koppal', 'koppal', 0, 37, '', '1', '0000-00-00 00:00:00', '0000-00-00 00:00:00'),
(6900, 'Mandya', 'mandya', 0, 37, '', '1', '0000-00-00 00:00:00', '0000-00-00 00:00:00'),
(6901, 'Mangalore', 'mangalore', 0, 37, '', '1', '0000-00-00 00:00:00', '0000-00-00 00:00:00'),
(6902, 'Mysore', 'mysore', 0, 37, '', '1', '0000-00-00 00:00:00', '0000-00-00 00:00:00'),
(6903, 'Raichur', 'raichur', 0, 37, '', '1', '0000-00-00 00:00:00', '0000-00-00 00:00:00'),
(6904, 'Shimoga', 'shimoga', 0, 37, '', '1', '0000-00-00 00:00:00', '0000-00-00 00:00:00'),
(6905, 'Shivajinagar', 'shivajinagar', 0, 37, '', '1', '0000-00-00 00:00:00', '0000-00-00 00:00:00'),
(6906, 'Tumkur', 'tumkur', 0, 37, '', '1', '0000-00-00 00:00:00', '0000-00-00 00:00:00'),
(6907, 'Udupi', 'udupi', 0, 37, '', '1', '0000-00-00 00:00:00', '0000-00-00 00:00:00'),
(6908, 'Uttara Kannada', 'uttara-kannada', 0, 37, '', '1', '0000-00-00 00:00:00', '0000-00-00 00:00:00'),
(6909, 'Yadgir', 'yadgir', 0, 37, '', '1', '0000-00-00 00:00:00', '0000-00-00 00:00:00'),
(6910, 'Alappuzha', 'alappuzha', 0, 18, '', '1', '0000-00-00 00:00:00', '0000-00-00 00:00:00'),
(6911, 'Ernakulam', 'ernakulam', 0, 18, '', '1', '0000-00-00 00:00:00', '0000-00-00 00:00:00'),
(6912, 'Idukki', 'idukki', 0, 18, '', '1', '0000-00-00 00:00:00', '0000-00-00 00:00:00'),
(6913, 'Kannur', 'kannur', 0, 18, '', '1', '0000-00-00 00:00:00', '0000-00-00 00:00:00'),
(6914, 'Kasargod', 'kasargod', 0, 18, '', '1', '0000-00-00 00:00:00', '0000-00-00 00:00:00'),
(6915, 'Kollam', 'kollam', 0, 18, '', '1', '0000-00-00 00:00:00', '0000-00-00 00:00:00'),
(6916, 'Kottayam', 'kottayam', 0, 18, '', '1', '0000-00-00 00:00:00', '0000-00-00 00:00:00'),
(6917, 'Kozhikode', 'kozhikode', 0, 18, '', '1', '0000-00-00 00:00:00', '0000-00-00 00:00:00'),
(6918, 'Pathanamthitta', 'pathanamthitta', 0, 18, '', '1', '0000-00-00 00:00:00', '0000-00-00 00:00:00'),
(6919, 'Thiruvananthapuram', 'thiruvananthapuram', 0, 18, '', '1', '0000-00-00 00:00:00', '0000-00-00 00:00:00'),
(6920, 'Thrissur', 'thrissur', 0, 18, '', '1', '0000-00-00 00:00:00', '0000-00-00 00:00:00'),
(6921, 'Wayanad', 'wayanad', 0, 18, '', '1', '0000-00-00 00:00:00', '0000-00-00 00:00:00'),
(6922, 'Lakshadweep', 'lakshadweep', 0, 19, '', '1', '0000-00-00 00:00:00', '0000-00-00 00:00:00'),
(6923, 'ANNAPOORNA', 'annapoorna', 0, 20, '', '1', '0000-00-00 00:00:00', '0000-00-00 00:00:00'),
(6924, 'Balaghat', 'balaghat', 0, 20, '', '1', '0000-00-00 00:00:00', '0000-00-00 00:00:00'),
(6925, 'Barwani', 'barwani', 0, 20, '', '1', '0000-00-00 00:00:00', '0000-00-00 00:00:00'),
(6926, 'Betul', 'betul', 0, 20, '', '1', '0000-00-00 00:00:00', '0000-00-00 00:00:00'),
(6927, 'Bhind', 'bhind', 0, 20, '', '1', '0000-00-00 00:00:00', '0000-00-00 00:00:00'),
(6928, 'Bhopal', 'bhopal', 0, 20, '', '1', '0000-00-00 00:00:00', '0000-00-00 00:00:00'),
(6929, 'Burhanpur', 'burhanpur', 0, 20, '', '1', '0000-00-00 00:00:00', '0000-00-00 00:00:00'),
(6930, 'Chhatarpur', 'chhatarpur', 0, 20, '', '1', '0000-00-00 00:00:00', '0000-00-00 00:00:00'),
(6931, 'Chhindwara', 'chhindwara', 0, 20, '', '1', '0000-00-00 00:00:00', '0000-00-00 00:00:00'),
(6932, 'Damoh', 'damoh', 0, 20, '', '1', '0000-00-00 00:00:00', '0000-00-00 00:00:00'),
(6933, 'Datia', 'datia', 0, 20, '', '1', '0000-00-00 00:00:00', '0000-00-00 00:00:00'),
(6934, 'Dewas', 'dewas', 0, 20, '', '1', '0000-00-00 00:00:00', '0000-00-00 00:00:00'),
(6935, 'Dhar', 'dhar', 0, 20, '', '1', '0000-00-00 00:00:00', '0000-00-00 00:00:00'),
(6936, 'Dindori', 'dindori', 0, 20, '', '1', '0000-00-00 00:00:00', '0000-00-00 00:00:00'),
(6937, 'East Nimar', 'east-nimar', 0, 20, '', '1', '0000-00-00 00:00:00', '0000-00-00 00:00:00'),
(6938, 'Guna', 'guna', 0, 20, '', '1', '0000-00-00 00:00:00', '0000-00-00 00:00:00'),
(6939, 'Gwalior', 'gwalior', 0, 20, '', '1', '0000-00-00 00:00:00', '0000-00-00 00:00:00'),
(6940, 'Harda', 'harda', 0, 20, '', '1', '0000-00-00 00:00:00', '0000-00-00 00:00:00'),
(6941, 'Hoshangabad', 'hoshangabad', 0, 20, '', '1', '0000-00-00 00:00:00', '0000-00-00 00:00:00'),
(6942, 'Indore', 'indore', 0, 20, '', '1', '0000-00-00 00:00:00', '0000-00-00 00:00:00'),
(6943, 'Jabalpur', 'jabalpur', 0, 20, '', '1', '0000-00-00 00:00:00', '0000-00-00 00:00:00'),
(6944, 'Jhabua', 'jhabua', 0, 20, '', '1', '0000-00-00 00:00:00', '0000-00-00 00:00:00'),
(6945, 'Katni', 'katni', 0, 20, '', '1', '0000-00-00 00:00:00', '0000-00-00 00:00:00'),
(6946, 'Khargone', 'khargone', 0, 20, '', '1', '0000-00-00 00:00:00', '0000-00-00 00:00:00'),
(6947, 'Mandla', 'mandla', 0, 20, '', '1', '0000-00-00 00:00:00', '0000-00-00 00:00:00'),
(6948, 'Mandsaur', 'mandsaur', 0, 20, '', '1', '0000-00-00 00:00:00', '0000-00-00 00:00:00'),
(6949, 'Morena', 'morena', 0, 20, '', '1', '0000-00-00 00:00:00', '0000-00-00 00:00:00'),
(6950, 'Narsinghpur', 'narsinghpur', 0, 20, '', '1', '0000-00-00 00:00:00', '0000-00-00 00:00:00'),
(6951, 'Neemuch', 'neemuch', 0, 20, '', '1', '0000-00-00 00:00:00', '0000-00-00 00:00:00'),
(6952, 'Panna', 'panna', 0, 20, '', '1', '0000-00-00 00:00:00', '0000-00-00 00:00:00'),
(6953, 'Raisen', 'raisen', 0, 20, '', '1', '0000-00-00 00:00:00', '0000-00-00 00:00:00'),
(6954, 'Rajgarh', 'rajgarh', 0, 20, '', '1', '0000-00-00 00:00:00', '0000-00-00 00:00:00'),
(6955, 'Ratlam', 'ratlam', 0, 20, '', '1', '0000-00-00 00:00:00', '0000-00-00 00:00:00'),
(6956, 'Rewa', 'rewa', 0, 20, '', '1', '0000-00-00 00:00:00', '0000-00-00 00:00:00'),
(6957, 'Sagar', 'sagar', 0, 20, '', '1', '0000-00-00 00:00:00', '0000-00-00 00:00:00'),
(6958, 'Satna', 'satna', 0, 20, '', '1', '0000-00-00 00:00:00', '0000-00-00 00:00:00'),
(6959, 'Sehore', 'sehore', 0, 20, '', '1', '0000-00-00 00:00:00', '0000-00-00 00:00:00'),
(6960, 'Seoni', 'seoni', 0, 20, '', '1', '0000-00-00 00:00:00', '0000-00-00 00:00:00'),
(6961, 'Shahdol', 'shahdol', 0, 20, '', '1', '0000-00-00 00:00:00', '0000-00-00 00:00:00'),
(6962, 'Shajapur', 'shajapur', 0, 20, '', '1', '0000-00-00 00:00:00', '0000-00-00 00:00:00'),
(6963, 'Sheopur', 'sheopur', 0, 20, '', '1', '0000-00-00 00:00:00', '0000-00-00 00:00:00'),
(6964, 'Shivpuri', 'shivpuri', 0, 20, '', '1', '0000-00-00 00:00:00', '0000-00-00 00:00:00'),
(6965, 'Sidhi', 'sidhi', 0, 20, '', '1', '0000-00-00 00:00:00', '0000-00-00 00:00:00'),
(6966, 'Tikamgarh', 'tikamgarh', 0, 20, '', '1', '0000-00-00 00:00:00', '0000-00-00 00:00:00'),
(6967, 'Ujjain', 'ujjain', 0, 20, '', '1', '0000-00-00 00:00:00', '0000-00-00 00:00:00'),
(6968, 'Umaria', 'umaria', 0, 20, '', '1', '0000-00-00 00:00:00', '0000-00-00 00:00:00'),
(6969, 'Vidisha', 'vidisha', 0, 20, '', '1', '0000-00-00 00:00:00', '0000-00-00 00:00:00'),
(6970, 'West Nimar', 'west-nimar', 0, 20, '', '1', '0000-00-00 00:00:00', '0000-00-00 00:00:00'),
(6971, 'Akola', 'akola', 0, 21, '', '1', '0000-00-00 00:00:00', '0000-00-00 00:00:00'),
(6972, 'Akola Maharashtra', 'akola-maharashtra', 0, 21, '', '1', '0000-00-00 00:00:00', '0000-00-00 00:00:00'),
(6973, 'Amravati', 'amravati', 0, 21, '', '1', '0000-00-00 00:00:00', '0000-00-00 00:00:00'),
(6974, 'Amrabati', 'amrabati', 0, 21, '', '1', '0000-00-00 00:00:00', '0000-00-00 00:00:00'),
(6975, 'Aurangabad', 'aurangabad', 0, 21, '', '1', '0000-00-00 00:00:00', '0000-00-00 00:00:00'),
(6976, 'Beed', 'beed', 0, 21, '', '1', '0000-00-00 00:00:00', '0000-00-00 00:00:00'),
(6977, 'Bhandara', 'bhandara', 0, 21, '', '1', '0000-00-00 00:00:00', '0000-00-00 00:00:00'),
(6978, 'Bhayandar', 'bhayandar', 0, 21, '', '1', '0000-00-00 00:00:00', '0000-00-00 00:00:00'),
(6979, 'Bhusawal', 'bhusawal', 0, 21, '', '1', '0000-00-00 00:00:00', '0000-00-00 00:00:00'),
(6980, 'Buldhana', 'buldhana', 0, 21, '', '1', '0000-00-00 00:00:00', '0000-00-00 00:00:00'),
(6981, 'Chandrapur', 'chandrapur', 0, 21, '', '1', '0000-00-00 00:00:00', '0000-00-00 00:00:00'),
(6982, 'Chembur', 'chembur', 0, 21, '', '1', '0000-00-00 00:00:00', '0000-00-00 00:00:00'),
(6983, 'Dhule', 'dhule', 0, 21, '', '1', '0000-00-00 00:00:00', '0000-00-00 00:00:00'),
(6984, 'Dombivali', 'dombivali', 0, 21, '', '1', '0000-00-00 00:00:00', '0000-00-00 00:00:00'),
(6985, 'Gadchiroli', 'gadchiroli', 0, 21, '', '1', '0000-00-00 00:00:00', '0000-00-00 00:00:00'),
(6986, 'Gondiya', 'gondiya', 0, 21, '', '1', '0000-00-00 00:00:00', '0000-00-00 00:00:00'),
(6987, 'Hingoli', 'hingoli', 0, 21, '', '1', '0000-00-00 00:00:00', '0000-00-00 00:00:00'),
(6988, 'Ichalkaranji', 'ichalkaranji', 0, 21, '', '1', '0000-00-00 00:00:00', '0000-00-00 00:00:00'),
(6989, 'Jalgaon', 'jalgaon', 0, 21, '', '1', '0000-00-00 00:00:00', '0000-00-00 00:00:00'),
(6990, 'Jalna', 'jalna', 0, 21, '', '1', '0000-00-00 00:00:00', '0000-00-00 00:00:00'),
(6991, 'Karad', 'karad', 0, 21, '', '1', '0000-00-00 00:00:00', '0000-00-00 00:00:00'),
(6992, 'Latur', 'latur', 0, 21, '', '1', '0000-00-00 00:00:00', '0000-00-00 00:00:00'),
(6993, 'Nagpur', 'nagpur', 0, 21, '', '1', '0000-00-00 00:00:00', '0000-00-00 00:00:00'),
(6994, 'Nanded', 'nanded', 0, 21, '', '1', '0000-00-00 00:00:00', '0000-00-00 00:00:00'),
(6995, 'Nandurbar', 'nandurbar', 0, 21, '', '1', '0000-00-00 00:00:00', '0000-00-00 00:00:00'),
(6996, 'Nasik', 'nasik', 0, 21, '', '1', '0000-00-00 00:00:00', '0000-00-00 00:00:00'),
(6997, 'Nashik', 'nashik', 0, 21, '', '1', '0000-00-00 00:00:00', '0000-00-00 00:00:00'),
(6998, 'Navi Mumbai', 'navi-mumbai', 0, 21, '', '1', '0000-00-00 00:00:00', '0000-00-00 00:00:00'),
(6999, 'New Mumbai', 'new-mumbai', 0, 21, '', '1', '0000-00-00 00:00:00', '0000-00-00 00:00:00'),
(7000, 'Osmanabad', 'osmanabad', 0, 21, '', '1', '0000-00-00 00:00:00', '0000-00-00 00:00:00'),
(7001, 'Parbhani', 'parbhani', 0, 21, '', '1', '0000-00-00 00:00:00', '0000-00-00 00:00:00'),
(7002, 'Pune', 'pune', 0, 21, '', '1', '0000-00-00 00:00:00', '0000-00-00 00:00:00'),
(7003, 'Ratnagiri', 'ratnagiri', 0, 21, '', '1', '0000-00-00 00:00:00', '0000-00-00 00:00:00'),
(7004, 'Sangli', 'sangli', 0, 21, '', '1', '0000-00-00 00:00:00', '0000-00-00 00:00:00'),
(7005, 'Satara', 'satara', 0, 21, '', '1', '0000-00-00 00:00:00', '0000-00-00 00:00:00'),
(7006, 'Sindhudurg', 'sindhudurg', 0, 21, '', '1', '0000-00-00 00:00:00', '0000-00-00 00:00:00'),
(7007, 'Solapur', 'solapur', 0, 21, '', '1', '0000-00-00 00:00:00', '0000-00-00 00:00:00'),
(7008, 'Thane', 'thane', 0, 21, '', '1', '0000-00-00 00:00:00', '0000-00-00 00:00:00'),
(7009, 'Ullhasnagar', 'ullhasnagar', 0, 21, '', '1', '0000-00-00 00:00:00', '0000-00-00 00:00:00'),
(7010, 'Vashi', 'vashi', 0, 21, '', '1', '0000-00-00 00:00:00', '0000-00-00 00:00:00'),
(7011, 'Wardha', 'wardha', 0, 21, '', '1', '0000-00-00 00:00:00', '0000-00-00 00:00:00'),
(7012, 'Washim', 'washim', 0, 21, '', '1', '0000-00-00 00:00:00', '0000-00-00 00:00:00'),
(7013, 'Yavatmal', 'yavatmal', 0, 21, '', '1', '0000-00-00 00:00:00', '0000-00-00 00:00:00'),
(7014, 'Pallel', 'pallel', 0, 22, '', '1', '0000-00-00 00:00:00', '0000-00-00 00:00:00'),
(7015, 'Pallel Bazar', 'pallel-bazar', 0, 22, '', '1', '0000-00-00 00:00:00', '0000-00-00 00:00:00'),
(7016, 'Bishnupur', 'bishnupur', 0, 23, '', '1', '0000-00-00 00:00:00', '0000-00-00 00:00:00'),
(7017, 'Chandel', 'chandel', 0, 23, '', '1', '0000-00-00 00:00:00', '0000-00-00 00:00:00'),
(7018, 'Churachandpur', 'churachandpur', 0, 23, '', '1', '0000-00-00 00:00:00', '0000-00-00 00:00:00'),
(7019, 'East Garo Hills', 'east-garo-hills', 0, 23, '', '1', '0000-00-00 00:00:00', '0000-00-00 00:00:00'),
(7020, 'East Imphal', 'east-imphal', 0, 23, '', '1', '0000-00-00 00:00:00', '0000-00-00 00:00:00'),
(7021, 'East Khasi Hills', 'east-khasi-hills', 0, 23, '', '1', '0000-00-00 00:00:00', '0000-00-00 00:00:00'),
(7022, 'Jaintia Hills', 'jaintia-hills', 0, 23, '', '1', '0000-00-00 00:00:00', '0000-00-00 00:00:00'),
(7023, 'Ri-Bhoi', 'ri-bhoi', 0, 23, '', '1', '0000-00-00 00:00:00', '0000-00-00 00:00:00'),
(7024, 'Senapati', 'senapati', 0, 23, '', '1', '0000-00-00 00:00:00', '0000-00-00 00:00:00'),
(7025, 'Shillong', 'shillong', 0, 23, '', '1', '0000-00-00 00:00:00', '0000-00-00 00:00:00'),
(7026, 'South Garo Hills', 'south-garo-hills', 0, 23, '', '1', '0000-00-00 00:00:00', '0000-00-00 00:00:00'),
(7027, 'Tamenglong', 'tamenglong', 0, 23, '', '1', '0000-00-00 00:00:00', '0000-00-00 00:00:00'),
(7028, 'Thoubal', 'thoubal', 0, 23, '', '1', '0000-00-00 00:00:00', '0000-00-00 00:00:00'),
(7029, 'Ukhrul', 'ukhrul', 0, 23, '', '1', '0000-00-00 00:00:00', '0000-00-00 00:00:00'),
(7030, 'West Khasi Hills', 'west-khasi-hills', 0, 23, '', '1', '0000-00-00 00:00:00', '0000-00-00 00:00:00'),
(7031, 'West Garo Hills', 'west-garo-hills', 0, 23, '', '1', '0000-00-00 00:00:00', '0000-00-00 00:00:00'),
(7032, 'West Imphal', 'west-imphal', 0, 23, '', '1', '0000-00-00 00:00:00', '0000-00-00 00:00:00'),
(7033, 'Champhai', 'champhai', 0, 24, '', '1', '0000-00-00 00:00:00', '0000-00-00 00:00:00'),
(7034, 'Kolasib', 'kolasib', 0, 24, '', '1', '0000-00-00 00:00:00', '0000-00-00 00:00:00'),
(7035, 'Lawngtlai', 'lawngtlai', 0, 24, '', '1', '0000-00-00 00:00:00', '0000-00-00 00:00:00'),
(7036, 'Lunglei', 'lunglei', 0, 24, '', '1', '0000-00-00 00:00:00', '0000-00-00 00:00:00'),
(7037, 'Mamit', 'mamit', 0, 24, '', '1', '0000-00-00 00:00:00', '0000-00-00 00:00:00'),
(7038, 'Saiha', 'saiha', 0, 24, '', '1', '0000-00-00 00:00:00', '0000-00-00 00:00:00'),
(7039, 'Serchhip', 'serchhip', 0, 24, '', '1', '0000-00-00 00:00:00', '0000-00-00 00:00:00'),
(7040, 'Dimapur', 'dimapur', 0, 25, '', '1', '0000-00-00 00:00:00', '0000-00-00 00:00:00'),
(7041, 'Kohima', 'kohima', 0, 25, '', '1', '0000-00-00 00:00:00', '0000-00-00 00:00:00'),
(7042, 'Mokokchung', 'mokokchung', 0, 25, '', '1', '0000-00-00 00:00:00', '0000-00-00 00:00:00'),
(7043, 'Phek', 'phek', 0, 25, '', '1', '0000-00-00 00:00:00', '0000-00-00 00:00:00'),
(7044, 'Tuensang', 'tuensang', 0, 25, '', '1', '0000-00-00 00:00:00', '0000-00-00 00:00:00'),
(7045, 'Wokha', 'wokha', 0, 25, '', '1', '0000-00-00 00:00:00', '0000-00-00 00:00:00'),
(7046, 'Zunheboto', 'zunheboto', 0, 25, '', '1', '0000-00-00 00:00:00', '0000-00-00 00:00:00'),
(7047, 'Angul', 'angul', 0, 26, '', '1', '0000-00-00 00:00:00', '0000-00-00 00:00:00'),
(7048, 'Balasore', 'balasore', 0, 26, '', '1', '0000-00-00 00:00:00', '0000-00-00 00:00:00'),
(7049, 'Baleshwar', 'baleshwar', 0, 26, '', '1', '0000-00-00 00:00:00', '0000-00-00 00:00:00'),
(7050, 'Baragarh', 'baragarh', 0, 26, '', '1', '0000-00-00 00:00:00', '0000-00-00 00:00:00'),
(7051, 'Berhampur', 'berhampur', 0, 26, '', '1', '0000-00-00 00:00:00', '0000-00-00 00:00:00'),
(7052, 'Bhadrak', 'bhadrak', 0, 26, '', '1', '0000-00-00 00:00:00', '0000-00-00 00:00:00'),
(7053, 'Bhubaneshwar', 'bhubaneshwar', 0, 26, '', '1', '0000-00-00 00:00:00', '0000-00-00 00:00:00'),
(7054, 'Bolangir', 'bolangir', 0, 26, '', '1', '0000-00-00 00:00:00', '0000-00-00 00:00:00'),
(7055, 'Boudh', 'boudh', 0, 26, '', '1', '0000-00-00 00:00:00', '0000-00-00 00:00:00'),
(7056, 'Deogarh', 'deogarh', 0, 26, '', '1', '0000-00-00 00:00:00', '0000-00-00 00:00:00'),
(7057, 'Dhenkanal', 'dhenkanal', 0, 26, '', '1', '0000-00-00 00:00:00', '0000-00-00 00:00:00'),
(7058, 'Gajapati', 'gajapati', 0, 26, '', '1', '0000-00-00 00:00:00', '0000-00-00 00:00:00'),
(7059, 'Ganjam', 'ganjam', 0, 26, '', '1', '0000-00-00 00:00:00', '0000-00-00 00:00:00'),
(7060, 'Jagatsinghpur', 'jagatsinghpur', 0, 26, '', '1', '0000-00-00 00:00:00', '0000-00-00 00:00:00'),
(7061, 'Jajpur', 'jajpur', 0, 26, '', '1', '0000-00-00 00:00:00', '0000-00-00 00:00:00'),
(7062, 'Jharsuguda', 'jharsuguda', 0, 26, '', '1', '0000-00-00 00:00:00', '0000-00-00 00:00:00'),
(7063, 'Kalahandi', 'kalahandi', 0, 26, '', '1', '0000-00-00 00:00:00', '0000-00-00 00:00:00'),
(7064, 'Kandhamal', 'kandhamal', 0, 26, '', '1', '0000-00-00 00:00:00', '0000-00-00 00:00:00'),
(7065, 'Kendrapara', 'kendrapara', 0, 26, '', '1', '0000-00-00 00:00:00', '0000-00-00 00:00:00'),
(7066, 'Keonjhar', 'keonjhar', 0, 26, '', '1', '0000-00-00 00:00:00', '0000-00-00 00:00:00'),
(7067, 'Khandhamal', 'khandhamal', 0, 26, '', '1', '0000-00-00 00:00:00', '0000-00-00 00:00:00'),
(7068, 'Khordha', 'khordha', 0, 26, '', '1', '0000-00-00 00:00:00', '0000-00-00 00:00:00'),
(7069, 'Koraput', 'koraput', 0, 26, '', '1', '0000-00-00 00:00:00', '0000-00-00 00:00:00'),
(7070, 'Khurda', 'khurda', 0, 26, '', '1', '0000-00-00 00:00:00', '0000-00-00 00:00:00'),
(7071, 'Malkangiri', 'malkangiri', 0, 26, '', '1', '0000-00-00 00:00:00', '0000-00-00 00:00:00'),
(7072, 'Mayurbhanj', 'mayurbhanj', 0, 26, '', '1', '0000-00-00 00:00:00', '0000-00-00 00:00:00'),
(7073, 'Nabarangpur', 'nabarangpur', 0, 26, '', '1', '0000-00-00 00:00:00', '0000-00-00 00:00:00'),
(7074, 'Nayagarh', 'nayagarh', 0, 26, '', '1', '0000-00-00 00:00:00', '0000-00-00 00:00:00'),
(7075, 'Nuapada', 'nuapada', 0, 26, '', '1', '0000-00-00 00:00:00', '0000-00-00 00:00:00'),
(7076, 'Paralakhemudi', 'paralakhemudi', 0, 26, '', '1', '0000-00-00 00:00:00', '0000-00-00 00:00:00'),
(7077, 'Puri', 'puri', 0, 26, '', '1', '0000-00-00 00:00:00', '0000-00-00 00:00:00'),
(7078, 'Rayagada', 'rayagada', 0, 26, '', '1', '0000-00-00 00:00:00', '0000-00-00 00:00:00'),
(7079, 'Rourkela', 'rourkela', 0, 26, '', '1', '0000-00-00 00:00:00', '0000-00-00 00:00:00'),
(7080, 'Sambalpur', 'sambalpur', 0, 26, '', '1', '0000-00-00 00:00:00', '0000-00-00 00:00:00'),
(7081, 'Sonepur', 'sonepur', 0, 26, '', '1', '0000-00-00 00:00:00', '0000-00-00 00:00:00'),
(7082, 'Sundargarh', 'sundargarh', 0, 26, '', '1', '0000-00-00 00:00:00', '0000-00-00 00:00:00'),
(7083, 'Vishakhapatanam', 'vishakhapatanam', 0, 26, '', '1', '0000-00-00 00:00:00', '0000-00-00 00:00:00'),
(7084, 'Karaikal', 'karaikal', 0, 27, '', '1', '0000-00-00 00:00:00', '0000-00-00 00:00:00'),
(7085, 'Mahe', 'mahe', 0, 27, '', '1', '0000-00-00 00:00:00', '0000-00-00 00:00:00'),
(7086, 'Pondicherry', 'pondicherry', 0, 27, '', '1', '0000-00-00 00:00:00', '0000-00-00 00:00:00'),
(7087, 'Yanam', 'yanam', 0, 27, '', '1', '0000-00-00 00:00:00', '0000-00-00 00:00:00'),
(7088, 'Ajmer', 'ajmer', 0, 29, '', '1', '0000-00-00 00:00:00', '0000-00-00 00:00:00'),
(7089, 'Banswara', 'banswara', 0, 29, '', '1', '0000-00-00 00:00:00', '0000-00-00 00:00:00'),
(7090, 'Baran', 'baran', 0, 29, '', '1', '0000-00-00 00:00:00', '0000-00-00 00:00:00'),
(7091, 'Barmer', 'barmer', 0, 29, '', '1', '0000-00-00 00:00:00', '0000-00-00 00:00:00'),
(7092, 'Beawar', 'beawar', 0, 29, '', '1', '0000-00-00 00:00:00', '0000-00-00 00:00:00'),
(7093, 'Bharatpur', 'bharatpur', 0, 29, '', '1', '0000-00-00 00:00:00', '0000-00-00 00:00:00'),
(7094, 'Bhilwara', 'bhilwara', 0, 29, '', '1', '0000-00-00 00:00:00', '0000-00-00 00:00:00'),
(7095, 'Bikaner', 'bikaner', 0, 29, '', '1', '0000-00-00 00:00:00', '0000-00-00 00:00:00'),
(7096, 'Bundi', 'bundi', 0, 29, '', '1', '0000-00-00 00:00:00', '0000-00-00 00:00:00'),
(7097, 'Chittorgarh', 'chittorgarh', 0, 29, '', '1', '0000-00-00 00:00:00', '0000-00-00 00:00:00'),
(7098, 'Churu', 'churu', 0, 29, '', '1', '0000-00-00 00:00:00', '0000-00-00 00:00:00'),
(7099, 'Dausa', 'dausa', 0, 29, '', '1', '0000-00-00 00:00:00', '0000-00-00 00:00:00'),
(7100, 'Dholpur', 'dholpur', 0, 29, '', '1', '0000-00-00 00:00:00', '0000-00-00 00:00:00'),
(7101, 'Dungarpur', 'dungarpur', 0, 29, '', '1', '0000-00-00 00:00:00', '0000-00-00 00:00:00'),
(7102, 'Ganganagar', 'ganganagar', 0, 29, '', '1', '0000-00-00 00:00:00', '0000-00-00 00:00:00'),
(7103, 'Gangapur City', 'gangapur-city', 0, 29, '', '1', '0000-00-00 00:00:00', '0000-00-00 00:00:00'),
(7104, 'Hanumangarh', 'hanumangarh', 0, 29, '', '1', '0000-00-00 00:00:00', '0000-00-00 00:00:00'),
(7105, 'Jaipur', 'jaipur', 0, 29, '', '1', '0000-00-00 00:00:00', '0000-00-00 00:00:00');
INSERT INTO `cities` (`id`, `name`, `slug`, `districtid`, `state_id`, `description`, `status`, `created_at`, `updated_at`) VALUES
(7106, 'Jaisalmer', 'jaisalmer', 0, 29, '', '1', '0000-00-00 00:00:00', '0000-00-00 00:00:00'),
(7107, 'Jalore', 'jalore', 0, 29, '', '1', '0000-00-00 00:00:00', '0000-00-00 00:00:00'),
(7108, 'Jhalawar', 'jhalawar', 0, 29, '', '1', '0000-00-00 00:00:00', '0000-00-00 00:00:00'),
(7109, 'Jhunjhunu', 'jhunjhunu', 0, 29, '', '1', '0000-00-00 00:00:00', '0000-00-00 00:00:00'),
(7110, 'Jodhpur', 'jodhpur', 0, 29, '', '1', '0000-00-00 00:00:00', '0000-00-00 00:00:00'),
(7111, 'Karauli', 'karauli', 0, 29, '', '1', '0000-00-00 00:00:00', '0000-00-00 00:00:00'),
(7112, 'Kota', 'kota', 0, 29, '', '1', '0000-00-00 00:00:00', '0000-00-00 00:00:00'),
(7113, 'Madhopur', 'madhopur', 0, 29, '', '1', '0000-00-00 00:00:00', '0000-00-00 00:00:00'),
(7114, 'Nagaur', 'nagaur', 0, 29, '', '1', '0000-00-00 00:00:00', '0000-00-00 00:00:00'),
(7115, 'Pali', 'pali', 0, 29, '', '1', '0000-00-00 00:00:00', '0000-00-00 00:00:00'),
(7116, 'Rajsamand', 'rajsamand', 0, 29, '', '1', '0000-00-00 00:00:00', '0000-00-00 00:00:00'),
(7117, 'Sadulpur', 'sadulpur', 0, 29, '', '1', '0000-00-00 00:00:00', '0000-00-00 00:00:00'),
(7118, 'Sawai Madhopur', 'sawai-madhopur', 0, 29, '', '1', '0000-00-00 00:00:00', '0000-00-00 00:00:00'),
(7119, 'Shriganganagar', 'shriganganagar', 0, 29, '', '1', '0000-00-00 00:00:00', '0000-00-00 00:00:00'),
(7120, 'Sikar', 'sikar', 0, 29, '', '1', '0000-00-00 00:00:00', '0000-00-00 00:00:00'),
(7121, 'Sirohi', 'sirohi', 0, 29, '', '1', '0000-00-00 00:00:00', '0000-00-00 00:00:00'),
(7122, 'Sujangarh', 'sujangarh', 0, 29, '', '1', '0000-00-00 00:00:00', '0000-00-00 00:00:00'),
(7123, 'Tonk', 'tonk', 0, 29, '', '1', '0000-00-00 00:00:00', '0000-00-00 00:00:00'),
(7124, 'East Sikkim', 'east-sikkim', 0, 30, '', '1', '0000-00-00 00:00:00', '0000-00-00 00:00:00'),
(7125, 'North Sikkim', 'north-sikkim', 0, 30, '', '1', '0000-00-00 00:00:00', '0000-00-00 00:00:00'),
(7126, 'South Sikkim', 'south-sikkim', 0, 30, '', '1', '0000-00-00 00:00:00', '0000-00-00 00:00:00'),
(7127, 'West Sikkim', 'west-sikkim', 0, 30, '', '1', '0000-00-00 00:00:00', '0000-00-00 00:00:00'),
(7128, 'Ambattur', 'ambattur', 0, 31, '', '1', '0000-00-00 00:00:00', '0000-00-00 00:00:00'),
(7129, 'Ariyalur', 'ariyalur', 0, 31, '', '1', '0000-00-00 00:00:00', '0000-00-00 00:00:00'),
(7130, 'Chennai', 'chennai', 0, 31, '', '1', '0000-00-00 00:00:00', '0000-00-00 00:00:00'),
(7131, 'Coimbatore', 'coimbatore', 0, 31, '', '1', '0000-00-00 00:00:00', '0000-00-00 00:00:00'),
(7132, 'Cuddalore', 'cuddalore', 0, 31, '', '1', '0000-00-00 00:00:00', '0000-00-00 00:00:00'),
(7133, 'Dharmapuri', 'dharmapuri', 0, 31, '', '1', '0000-00-00 00:00:00', '0000-00-00 00:00:00'),
(7134, 'Dindigul', 'dindigul', 0, 31, '', '1', '0000-00-00 00:00:00', '0000-00-00 00:00:00'),
(7135, 'Erode', 'erode', 0, 31, '', '1', '0000-00-00 00:00:00', '0000-00-00 00:00:00'),
(7136, 'Hosur', 'hosur', 0, 31, '', '1', '0000-00-00 00:00:00', '0000-00-00 00:00:00'),
(7137, 'Kancheepuram', 'kancheepuram', 0, 31, '', '1', '0000-00-00 00:00:00', '0000-00-00 00:00:00'),
(7138, 'Kanyakumari', 'kanyakumari', 0, 31, '', '1', '0000-00-00 00:00:00', '0000-00-00 00:00:00'),
(7139, 'Karur', 'karur', 0, 31, '', '1', '0000-00-00 00:00:00', '0000-00-00 00:00:00'),
(7140, 'Madurai', 'madurai', 0, 31, '', '1', '0000-00-00 00:00:00', '0000-00-00 00:00:00'),
(7141, 'Nagapattinam', 'nagapattinam', 0, 31, '', '1', '0000-00-00 00:00:00', '0000-00-00 00:00:00'),
(7142, 'Namakkal', 'namakkal', 0, 31, '', '1', '0000-00-00 00:00:00', '0000-00-00 00:00:00'),
(7143, 'Nilgiris', 'nilgiris', 0, 31, '', '1', '0000-00-00 00:00:00', '0000-00-00 00:00:00'),
(7144, 'Ooty', 'ooty', 0, 31, '', '1', '0000-00-00 00:00:00', '0000-00-00 00:00:00'),
(7145, 'Perambalur', 'perambalur', 0, 31, '', '1', '0000-00-00 00:00:00', '0000-00-00 00:00:00'),
(7146, 'Pudukkottai', 'pudukkottai', 0, 31, '', '1', '0000-00-00 00:00:00', '0000-00-00 00:00:00'),
(7147, 'Ramanathapuram', 'ramanathapuram', 0, 31, '', '1', '0000-00-00 00:00:00', '0000-00-00 00:00:00'),
(7148, 'Saidapet', 'saidapet', 0, 31, '', '1', '0000-00-00 00:00:00', '0000-00-00 00:00:00'),
(7149, 'Salem', 'salem', 0, 31, '', '1', '0000-00-00 00:00:00', '0000-00-00 00:00:00'),
(7150, 'Sivaganga', 'sivaganga', 0, 31, '', '1', '0000-00-00 00:00:00', '0000-00-00 00:00:00'),
(7151, 'Tenkasi', 'tenkasi', 0, 31, '', '1', '0000-00-00 00:00:00', '0000-00-00 00:00:00'),
(7152, 'Thanjavur', 'thanjavur', 0, 31, '', '1', '0000-00-00 00:00:00', '0000-00-00 00:00:00'),
(7153, 'Theni', 'theni', 0, 31, '', '1', '0000-00-00 00:00:00', '0000-00-00 00:00:00'),
(7154, 'Thiruvallur', 'thiruvallur', 0, 31, '', '1', '0000-00-00 00:00:00', '0000-00-00 00:00:00'),
(7155, 'Thiruvarur', 'thiruvarur', 0, 31, '', '1', '0000-00-00 00:00:00', '0000-00-00 00:00:00'),
(7156, 'Thoothukudi', 'thoothukudi', 0, 31, '', '1', '0000-00-00 00:00:00', '0000-00-00 00:00:00'),
(7157, 'Tiruchirappalli', 'tiruchirappalli', 0, 31, '', '1', '0000-00-00 00:00:00', '0000-00-00 00:00:00'),
(7158, 'Tirunelveli', 'tirunelveli', 0, 31, '', '1', '0000-00-00 00:00:00', '0000-00-00 00:00:00'),
(7159, 'Tiruvannamalai', 'tiruvannamalai', 0, 31, '', '1', '0000-00-00 00:00:00', '0000-00-00 00:00:00'),
(7160, 'Vellore', 'vellore', 0, 31, '', '1', '0000-00-00 00:00:00', '0000-00-00 00:00:00'),
(7161, 'Villupuram', 'villupuram', 0, 31, '', '1', '0000-00-00 00:00:00', '0000-00-00 00:00:00'),
(7162, 'Virudhunagar', 'virudhunagar', 0, 31, '', '1', '0000-00-00 00:00:00', '0000-00-00 00:00:00'),
(7163, 'Dilsukhnagar', 'dilsukhnagar', 0, 36, '', '1', '0000-00-00 00:00:00', '0000-00-00 00:00:00'),
(7164, 'Karimnagar', 'karimnagar', 0, 36, '', '1', '0000-00-00 00:00:00', '0000-00-00 00:00:00'),
(7165, 'Ranga Reddy', 'ranga-reddy', 0, 36, '', '1', '0000-00-00 00:00:00', '0000-00-00 00:00:00'),
(7166, 'Yalal', 'yalal', 0, 36, '', '1', '0000-00-00 00:00:00', '0000-00-00 00:00:00'),
(7167, 'Agartala', 'agartala', 0, 32, '', '1', '0000-00-00 00:00:00', '0000-00-00 00:00:00'),
(7168, 'Dhalai', 'dhalai', 0, 32, '', '1', '0000-00-00 00:00:00', '0000-00-00 00:00:00'),
(7169, 'North Tripura', 'north-tripura', 0, 32, '', '1', '0000-00-00 00:00:00', '0000-00-00 00:00:00'),
(7170, 'South Tripura', 'south-tripura', 0, 32, '', '1', '0000-00-00 00:00:00', '0000-00-00 00:00:00'),
(7171, 'West Tripura', 'west-tripura', 0, 32, '', '1', '0000-00-00 00:00:00', '0000-00-00 00:00:00'),
(7172, 'Agra', 'agra', 0, 33, '', '1', '0000-00-00 00:00:00', '0000-00-00 00:00:00'),
(7173, 'Aligarh', 'aligarh', 0, 33, '', '1', '0000-00-00 00:00:00', '0000-00-00 00:00:00'),
(7174, 'Ambedkar Nagar', 'ambedkar-nagar', 0, 33, '', '1', '0000-00-00 00:00:00', '0000-00-00 00:00:00'),
(7175, 'Auraiya', 'auraiya', 0, 33, '', '1', '0000-00-00 00:00:00', '0000-00-00 00:00:00'),
(7176, 'Azamgarh', 'azamgarh', 0, 33, '', '1', '0000-00-00 00:00:00', '0000-00-00 00:00:00'),
(7177, 'Badaun', 'badaun', 0, 33, '', '1', '0000-00-00 00:00:00', '0000-00-00 00:00:00'),
(7178, 'Baghpat', 'baghpat', 0, 33, '', '1', '0000-00-00 00:00:00', '0000-00-00 00:00:00'),
(7179, 'Bahraich', 'bahraich', 0, 33, '', '1', '0000-00-00 00:00:00', '0000-00-00 00:00:00'),
(7180, 'Balrampur', 'balrampur', 0, 33, '', '1', '0000-00-00 00:00:00', '0000-00-00 00:00:00'),
(7181, 'Banda', 'banda', 0, 33, '', '1', '0000-00-00 00:00:00', '0000-00-00 00:00:00'),
(7182, 'Barabanki', 'barabanki', 0, 33, '', '1', '0000-00-00 00:00:00', '0000-00-00 00:00:00'),
(7183, 'Baraut', 'baraut', 0, 33, '', '1', '0000-00-00 00:00:00', '0000-00-00 00:00:00'),
(7184, 'Bareilly', 'bareilly', 0, 33, '', '1', '0000-00-00 00:00:00', '0000-00-00 00:00:00'),
(7185, 'Basti', 'basti', 0, 33, '', '1', '0000-00-00 00:00:00', '0000-00-00 00:00:00'),
(7186, 'Bijnor', 'bijnor', 0, 33, '', '1', '0000-00-00 00:00:00', '0000-00-00 00:00:00'),
(7187, 'Bulandshahr', 'bulandshahr', 0, 33, '', '1', '0000-00-00 00:00:00', '0000-00-00 00:00:00'),
(7188, 'Chandauli', 'chandauli', 0, 33, '', '1', '0000-00-00 00:00:00', '0000-00-00 00:00:00'),
(7189, 'Chitrakoot', 'chitrakoot', 0, 33, '', '1', '0000-00-00 00:00:00', '0000-00-00 00:00:00'),
(7190, 'Deoria', 'deoria', 0, 33, '', '1', '0000-00-00 00:00:00', '0000-00-00 00:00:00'),
(7191, 'Etah', 'etah', 0, 33, '', '1', '0000-00-00 00:00:00', '0000-00-00 00:00:00'),
(7192, 'Etawah', 'etawah', 0, 33, '', '1', '0000-00-00 00:00:00', '0000-00-00 00:00:00'),
(7193, 'Faizabad', 'faizabad', 0, 33, '', '1', '0000-00-00 00:00:00', '0000-00-00 00:00:00'),
(7194, 'Farrukhabad', 'farrukhabad', 0, 33, '', '1', '0000-00-00 00:00:00', '0000-00-00 00:00:00'),
(7195, 'Fatehpur', 'fatehpur', 0, 33, '', '1', '0000-00-00 00:00:00', '0000-00-00 00:00:00'),
(7196, 'Firozabad', 'firozabad', 0, 33, '', '1', '0000-00-00 00:00:00', '0000-00-00 00:00:00'),
(7197, 'Gajraula', 'gajraula', 0, 33, '', '1', '0000-00-00 00:00:00', '0000-00-00 00:00:00'),
(7198, 'Gautam Buddha Nagar', 'gautam-buddha-nagar', 0, 33, '', '1', '0000-00-00 00:00:00', '0000-00-00 00:00:00'),
(7199, 'Ghaziabad', 'ghaziabad', 0, 33, '', '1', '0000-00-00 00:00:00', '0000-00-00 00:00:00'),
(7200, 'Ghazipur', 'ghazipur', 0, 33, '', '1', '0000-00-00 00:00:00', '0000-00-00 00:00:00'),
(7201, 'Gonda', 'gonda', 0, 33, '', '1', '0000-00-00 00:00:00', '0000-00-00 00:00:00'),
(7202, 'Hapur', 'hapur', 0, 33, '', '1', '0000-00-00 00:00:00', '0000-00-00 00:00:00'),
(7203, 'Hardoi', 'hardoi', 0, 33, '', '1', '0000-00-00 00:00:00', '0000-00-00 00:00:00'),
(7204, 'Hathras', 'hathras', 0, 33, '', '1', '0000-00-00 00:00:00', '0000-00-00 00:00:00'),
(7205, 'Jalaun', 'jalaun', 0, 33, '', '1', '0000-00-00 00:00:00', '0000-00-00 00:00:00'),
(7206, 'Jaunpur', 'jaunpur', 0, 33, '', '1', '0000-00-00 00:00:00', '0000-00-00 00:00:00'),
(7207, 'Jhansi', 'jhansi', 0, 33, '', '1', '0000-00-00 00:00:00', '0000-00-00 00:00:00'),
(7208, 'Jyotiba Phule Nagar', 'jyotiba-phule-nagar', 0, 33, '', '1', '0000-00-00 00:00:00', '0000-00-00 00:00:00'),
(7209, 'Kannauj', 'kannauj', 0, 33, '', '1', '0000-00-00 00:00:00', '0000-00-00 00:00:00'),
(7210, 'Kanpur', 'kanpur', 0, 33, '', '1', '0000-00-00 00:00:00', '0000-00-00 00:00:00'),
(7211, 'Kanpur Dehat', 'kanpur-dehat', 0, 33, '', '1', '0000-00-00 00:00:00', '0000-00-00 00:00:00'),
(7212, 'Kaushambi', 'kaushambi', 0, 33, '', '1', '0000-00-00 00:00:00', '0000-00-00 00:00:00'),
(7213, 'Kushinagar', 'kushinagar', 0, 33, '', '1', '0000-00-00 00:00:00', '0000-00-00 00:00:00'),
(7214, 'Lakhimpur Kheri', 'lakhimpur-kheri', 0, 33, '', '1', '0000-00-00 00:00:00', '0000-00-00 00:00:00'),
(7215, 'Lalitpur', 'lalitpur', 0, 33, '', '1', '0000-00-00 00:00:00', '0000-00-00 00:00:00'),
(7216, 'Maharajganj', 'maharajganj', 0, 33, '', '1', '0000-00-00 00:00:00', '0000-00-00 00:00:00'),
(7217, 'Mahoba', 'mahoba', 0, 33, '', '1', '0000-00-00 00:00:00', '0000-00-00 00:00:00'),
(7218, 'Mainpuri', 'mainpuri', 0, 33, '', '1', '0000-00-00 00:00:00', '0000-00-00 00:00:00'),
(7219, 'Mathura', 'mathura', 0, 33, '', '1', '0000-00-00 00:00:00', '0000-00-00 00:00:00'),
(7220, 'Maunathbhanjan', 'maunathbhanjan', 0, 33, '', '1', '0000-00-00 00:00:00', '0000-00-00 00:00:00'),
(7221, 'Meerut', 'meerut', 0, 33, '', '1', '0000-00-00 00:00:00', '0000-00-00 00:00:00'),
(7222, 'Mirzapur', 'mirzapur', 0, 33, '', '1', '0000-00-00 00:00:00', '0000-00-00 00:00:00'),
(7223, 'Modinagar', 'modinagar', 0, 33, '', '1', '0000-00-00 00:00:00', '0000-00-00 00:00:00'),
(7224, 'Moradabad', 'moradabad', 0, 33, '', '1', '0000-00-00 00:00:00', '0000-00-00 00:00:00'),
(7225, 'Muzaffarnagar', 'muzaffarnagar', 0, 33, '', '1', '0000-00-00 00:00:00', '0000-00-00 00:00:00'),
(7226, 'Najibabad', 'najibabad', 0, 33, '', '1', '0000-00-00 00:00:00', '0000-00-00 00:00:00'),
(7227, 'Orai', 'orai', 0, 33, '', '1', '0000-00-00 00:00:00', '0000-00-00 00:00:00'),
(7228, 'Pilibhit', 'pilibhit', 0, 33, '', '1', '0000-00-00 00:00:00', '0000-00-00 00:00:00'),
(7229, 'Pratapgarh', 'pratapgarh', 0, 33, '', '1', '0000-00-00 00:00:00', '0000-00-00 00:00:00'),
(7230, 'Prayagraj', 'prayagraj', 0, 33, '', '1', '0000-00-00 00:00:00', '0000-00-00 00:00:00'),
(7231, 'Rae Bareli', 'rae-bareli', 0, 33, '', '1', '0000-00-00 00:00:00', '0000-00-00 00:00:00'),
(7232, 'Rampur', 'rampur', 0, 33, '', '1', '0000-00-00 00:00:00', '0000-00-00 00:00:00'),
(7233, 'Saharanpur', 'saharanpur', 0, 33, '', '1', '0000-00-00 00:00:00', '0000-00-00 00:00:00'),
(7234, 'Sant Kabir Nagar', 'sant-kabir-nagar', 0, 33, '', '1', '0000-00-00 00:00:00', '0000-00-00 00:00:00'),
(7235, 'Sant Ravi Das Nagar', 'sant-das-nagar', 0, 33, '', '1', '0000-00-00 00:00:00', '0000-00-00 00:00:00'),
(7236, 'Shahjahanpur', 'shahjahanpur', 0, 33, '', '1', '0000-00-00 00:00:00', '0000-00-00 00:00:00'),
(7237, 'Shamli', 'shamli', 0, 33, '', '1', '0000-00-00 00:00:00', '0000-00-00 00:00:00'),
(7238, 'Shikohabad', 'shikohabad', 0, 33, '', '1', '0000-00-00 00:00:00', '0000-00-00 00:00:00'),
(7239, 'Shravasti', 'shravasti', 0, 33, '', '1', '0000-00-00 00:00:00', '0000-00-00 00:00:00'),
(7240, 'Siddharth Nagar', 'siddharth-nagar', 0, 33, '', '1', '0000-00-00 00:00:00', '0000-00-00 00:00:00'),
(7241, 'Sitapur', 'sitapur', 0, 33, '', '1', '0000-00-00 00:00:00', '0000-00-00 00:00:00'),
(7242, 'Sonbhadra', 'sonbhadra', 0, 33, '', '1', '0000-00-00 00:00:00', '0000-00-00 00:00:00'),
(7243, 'Sultanpur', 'sultanpur', 0, 33, '', '1', '0000-00-00 00:00:00', '0000-00-00 00:00:00'),
(7244, 'Unnao', 'unnao', 0, 33, '', '1', '0000-00-00 00:00:00', '0000-00-00 00:00:00'),
(7245, 'Varanasi', 'varanasi', 0, 33, '', '1', '0000-00-00 00:00:00', '0000-00-00 00:00:00'),
(7246, 'Amaravati', 'amaravati', 0, 38, '', '1', '0000-00-00 00:00:00', '0000-00-00 00:00:00'),
(7247, 'Bageshwar', 'bageshwar', 0, 38, '', '1', '0000-00-00 00:00:00', '0000-00-00 00:00:00'),
(7248, 'Chamoli', 'chamoli', 0, 38, '', '1', '0000-00-00 00:00:00', '0000-00-00 00:00:00'),
(7249, 'Champawat', 'champawat', 0, 38, '', '1', '0000-00-00 00:00:00', '0000-00-00 00:00:00'),
(7250, 'Haldwani', 'haldwani', 0, 38, '', '1', '0000-00-00 00:00:00', '0000-00-00 00:00:00'),
(7251, 'Haridwar', 'haridwar', 0, 38, '', '1', '0000-00-00 00:00:00', '0000-00-00 00:00:00'),
(7252, 'Kotdwar', 'kotdwar', 0, 38, '', '1', '0000-00-00 00:00:00', '0000-00-00 00:00:00'),
(7253, 'Nainital', 'nainital', 0, 38, '', '1', '0000-00-00 00:00:00', '0000-00-00 00:00:00'),
(7254, 'Pauri Garhwal', 'pauri-garhwal', 0, 38, '', '1', '0000-00-00 00:00:00', '0000-00-00 00:00:00'),
(7255, 'Pithoragarh', 'pithoragarh', 0, 38, '', '1', '0000-00-00 00:00:00', '0000-00-00 00:00:00'),
(7256, 'Roorkee', 'roorkee', 0, 38, '', '1', '0000-00-00 00:00:00', '0000-00-00 00:00:00'),
(7257, 'Rudhapur', 'rudhapur', 0, 38, '', '1', '0000-00-00 00:00:00', '0000-00-00 00:00:00'),
(7258, 'Rudra Prayag', 'rudra-prayag', 0, 38, '', '1', '0000-00-00 00:00:00', '0000-00-00 00:00:00'),
(7259, 'Rudrapur', 'rudrapur', 0, 38, '', '1', '0000-00-00 00:00:00', '0000-00-00 00:00:00'),
(7260, 'Tehri Garhwal', 'tehri-garhwal', 0, 38, '', '1', '0000-00-00 00:00:00', '0000-00-00 00:00:00'),
(7261, 'Udham Singh Nagar', 'udham-singh-nagar', 0, 38, '', '1', '0000-00-00 00:00:00', '0000-00-00 00:00:00'),
(7262, 'Uttarkashi', 'uttarkashi', 0, 38, '', '1', '0000-00-00 00:00:00', '0000-00-00 00:00:00'),
(7263, '24 Parganas North', '24 parganas-north', 0, 35, '', '1', '0000-00-00 00:00:00', '0000-00-00 00:00:00'),
(7264, '24 Parganas South', '24 parganas-south', 0, 35, '', '1', '0000-00-00 00:00:00', '0000-00-00 00:00:00'),
(7265, 'Arambagh', 'arambagh', 0, 35, '', '1', '0000-00-00 00:00:00', '0000-00-00 00:00:00'),
(7266, 'Baharampur', 'baharampur', 0, 35, '', '1', '0000-00-00 00:00:00', '0000-00-00 00:00:00'),
(7267, 'Bankura', 'bankura', 0, 35, '', '1', '0000-00-00 00:00:00', '0000-00-00 00:00:00'),
(7268, 'Barasat', 'barasat', 0, 35, '', '1', '0000-00-00 00:00:00', '0000-00-00 00:00:00'),
(7269, 'Bardhaman', 'bardhaman', 0, 35, '', '1', '0000-00-00 00:00:00', '0000-00-00 00:00:00'),
(7270, 'Barrackpore', 'barrackpore', 0, 35, '', '1', '0000-00-00 00:00:00', '0000-00-00 00:00:00'),
(7271, 'Berhampore', 'berhampore', 0, 35, '', '1', '0000-00-00 00:00:00', '0000-00-00 00:00:00'),
(7272, 'Birbhum', 'birbhum', 0, 35, '', '1', '0000-00-00 00:00:00', '0000-00-00 00:00:00'),
(7273, 'Chandannagar', 'chandannagar', 0, 35, '', '1', '0000-00-00 00:00:00', '0000-00-00 00:00:00'),
(7274, 'Coochbehar', 'coochbehar', 0, 35, '', '1', '0000-00-00 00:00:00', '0000-00-00 00:00:00'),
(7275, 'Dakshin Dinajpur', 'dakshin-dinajpur', 0, 35, '', '1', '0000-00-00 00:00:00', '0000-00-00 00:00:00'),
(7276, 'Darjeeling', 'darjeeling', 0, 35, '', '1', '0000-00-00 00:00:00', '0000-00-00 00:00:00'),
(7277, 'Durgapur', 'durgapur', 0, 35, '', '1', '0000-00-00 00:00:00', '0000-00-00 00:00:00'),
(7278, 'Haldia', 'haldia', 0, 35, '', '1', '0000-00-00 00:00:00', '0000-00-00 00:00:00'),
(7279, 'Hooghly', 'hooghly', 0, 35, '', '1', '0000-00-00 00:00:00', '0000-00-00 00:00:00'),
(7280, 'Jalpaiguri', 'jalpaiguri', 0, 35, '', '1', '0000-00-00 00:00:00', '0000-00-00 00:00:00'),
(7281, 'Joynagar', 'joynagar', 0, 35, '', '1', '0000-00-00 00:00:00', '0000-00-00 00:00:00'),
(7282, 'Kalyani', 'kalyani', 0, 35, '', '1', '0000-00-00 00:00:00', '0000-00-00 00:00:00'),
(7283, 'Karimpur', 'karimpur', 0, 35, '', '1', '0000-00-00 00:00:00', '0000-00-00 00:00:00'),
(7284, 'Kharagpur', 'kharagpur', 0, 35, '', '1', '0000-00-00 00:00:00', '0000-00-00 00:00:00'),
(7285, 'Malda', 'malda', 0, 35, '', '1', '0000-00-00 00:00:00', '0000-00-00 00:00:00'),
(7286, 'Midnapur', 'midnapur', 0, 35, '', '1', '0000-00-00 00:00:00', '0000-00-00 00:00:00'),
(7287, 'Murshidabad', 'murshidabad', 0, 35, '', '1', '0000-00-00 00:00:00', '0000-00-00 00:00:00'),
(7288, 'Serampore', 'serampore', 0, 35, '', '1', '0000-00-00 00:00:00', '0000-00-00 00:00:00'),
(7289, 'Siliguri', 'siliguri', 0, 35, '', '1', '0000-00-00 00:00:00', '0000-00-00 00:00:00'),
(7290, 'Sodepur', 'sodepur', 0, 35, '', '1', '0000-00-00 00:00:00', '0000-00-00 00:00:00'),
(7291, 'Tarakeshwar', 'tarakeshwar', 0, 35, '', '1', '0000-00-00 00:00:00', '0000-00-00 00:00:00'),
(7292, 'Tribeni', 'tribeni', 0, 35, '', '1', '0000-00-00 00:00:00', '0000-00-00 00:00:00'),
(7293, 'Uttar Dinajpur', 'uttar-dinajpur', 0, 35, '', '1', '0000-00-00 00:00:00', '0000-00-00 00:00:00'),
(7294, 'Uttarpara', 'uttarpara', 0, 35, '', '1', '0000-00-00 00:00:00', '0000-00-00 00:00:00'),
(7295, 'Nelamangala', 'nelamangala', 0, 17, '', '1', '2022-12-20 04:01:33', '2023-03-24 00:17:29');

-- --------------------------------------------------------

--
-- Table structure for table `contacts`
--

CREATE TABLE `contacts` (
  `id` bigint(20) UNSIGNED NOT NULL,
  `name` varchar(50) NOT NULL,
  `email` varchar(50) NOT NULL,
  `mobile` varchar(15) NOT NULL,
  `message` text NOT NULL,
  `created_at` timestamp NULL DEFAULT NULL,
  `updated_at` timestamp NULL DEFAULT NULL
) ENGINE=InnoDB DEFAULT CHARSET=utf8mb4 COLLATE=utf8mb4_unicode_ci;

-- --------------------------------------------------------

--
-- Table structure for table `customers`
--

CREATE TABLE `customers` (
  `id` bigint(20) UNSIGNED NOT NULL,
  `name` varchar(50) NOT NULL,
  `email` varchar(50) DEFAULT NULL,
  `mobile` varchar(50) NOT NULL,
  `dob` date DEFAULT NULL,
  `gender` enum('male','female','undisclosed') NOT NULL DEFAULT 'undisclosed',
  `marital_status` enum('married','unmarried','undisclosed') NOT NULL DEFAULT 'undisclosed',
  `status` enum('0','1') NOT NULL DEFAULT '1',
  `created_at` timestamp NULL DEFAULT NULL,
  `updated_at` timestamp NULL DEFAULT NULL
) ENGINE=InnoDB DEFAULT CHARSET=utf8mb4 COLLATE=utf8mb4_unicode_ci;

--
-- Dumping data for table `customers`
--

INSERT INTO `customers` (`id`, `name`, `email`, `mobile`, `dob`, `gender`, `marital_status`, `status`, `created_at`, `updated_at`) VALUES
(1, 'Akash Dutta', 'dasasd@das.com', '9836555023', NULL, 'male', 'married', '1', '2023-06-24 08:22:31', '2023-06-24 08:22:55'),
(2, 'John Doe', NULL, '6290565997', NULL, 'undisclosed', 'undisclosed', '1', '2023-06-24 08:33:44', '2023-06-24 08:33:44'),
(3, 'Ram Shing', NULL, '8974563301', NULL, 'undisclosed', 'undisclosed', '1', '2023-06-24 11:26:15', '2023-06-24 11:26:15'),
(4, 'John Doe', 'test@example.com', '9836555023', NULL, 'undisclosed', 'undisclosed', '1', '2023-07-02 02:33:19', '2023-07-02 02:33:19'),
(5, 'Amit D', NULL, '5898744444', NULL, 'undisclosed', 'undisclosed', '1', '2023-07-05 12:07:41', '2023-07-05 12:07:41'),
(6, 'Test User', NULL, '9836000110', NULL, 'undisclosed', 'undisclosed', '1', '2023-07-08 13:43:25', '2023-07-08 13:43:25');

-- --------------------------------------------------------

--
-- Table structure for table `failed_jobs`
--

CREATE TABLE `failed_jobs` (
  `id` bigint(20) UNSIGNED NOT NULL,
  `uuid` varchar(255) NOT NULL,
  `connection` text NOT NULL,
  `queue` text NOT NULL,
  `payload` longtext NOT NULL,
  `exception` longtext NOT NULL,
  `failed_at` timestamp NOT NULL DEFAULT current_timestamp()
) ENGINE=InnoDB DEFAULT CHARSET=utf8mb4 COLLATE=utf8mb4_unicode_ci;

-- --------------------------------------------------------

--
-- Table structure for table `faqs`
--

CREATE TABLE `faqs` (
  `id` bigint(20) UNSIGNED NOT NULL,
  `question` varchar(255) NOT NULL,
  `answer` longtext NOT NULL,
  `model` varchar(255) DEFAULT NULL,
  `model_id` varchar(255) DEFAULT NULL,
  `status` enum('0','1') NOT NULL DEFAULT '1',
  `created_at` timestamp NULL DEFAULT NULL,
  `updated_at` timestamp NULL DEFAULT NULL
) ENGINE=InnoDB DEFAULT CHARSET=utf8mb4 COLLATE=utf8mb4_unicode_ci;

-- --------------------------------------------------------

--
-- Table structure for table `gallery`
--

CREATE TABLE `gallery` (
  `id` bigint(20) UNSIGNED NOT NULL,
  `hotel_id` int(11) NOT NULL,
  `image_id` int(11) NOT NULL,
  `created_at` timestamp NULL DEFAULT NULL,
  `updated_at` timestamp NULL DEFAULT NULL
) ENGINE=InnoDB DEFAULT CHARSET=utf8mb4 COLLATE=utf8mb4_unicode_ci;

-- --------------------------------------------------------

--
-- Table structure for table `hotels`
--

CREATE TABLE `hotels` (
  `id` bigint(20) UNSIGNED NOT NULL,
  `name` varchar(255) NOT NULL,
  `title` varchar(255) NOT NULL,
  `slug` varchar(255) NOT NULL,
  `featured_image` varchar(255) DEFAULT NULL,
  `excerpt` text DEFAULT NULL,
  `description` text NOT NULL,
  `amenities` text DEFAULT NULL,
  `gmap` text DEFAULT NULL,
  `lat` varchar(50) DEFAULT NULL,
  `lng` varchar(50) DEFAULT NULL,
  `address` text DEFAULT NULL,
  `state_id` int(11) DEFAULT NULL,
  `city_id` int(11) DEFAULT NULL,
  `meta_description` text DEFAULT NULL,
  `schema` text DEFAULT NULL,
  `robots` varchar(150) NOT NULL DEFAULT 'index, follow',
  `canonical` varchar(255) DEFAULT NULL,
  `utm_campaign` varchar(100) NOT NULL DEFAULT 'Google-Organic',
  `utm_source` varchar(100) NOT NULL DEFAULT 'SEO',
  `status` enum('0','1') NOT NULL DEFAULT '1',
  `created_at` timestamp NULL DEFAULT NULL,
  `updated_at` timestamp NULL DEFAULT NULL
) ENGINE=InnoDB DEFAULT CHARSET=utf8mb4 COLLATE=utf8mb4_unicode_ci;

--
-- Dumping data for table `hotels`
--

INSERT INTO `hotels` (`id`, `name`, `title`, `slug`, `featured_image`, `excerpt`, `description`, `amenities`, `gmap`, `lat`, `lng`, `address`, `state_id`, `city_id`, `meta_description`, `schema`, `robots`, `canonical`, `utm_campaign`, `utm_source`, `status`, `created_at`, `updated_at`) VALUES
(1, 'Sivalika Inn Belur', 'Sivalika Inn', 'sivalika-inn-belur', '1', 'Sivalika Inn belur', '<p>Sivalika Inn</p>', '[\"24X7 Security\",\"WiFi\",\"Lift\",\"Parking\",\"Wardrobe\",\"Mineral Water Bottle\",\"Daily Housekeeping\",\"Free Toiletries\",\"LCD TV\",\"Clean Towels\",\"Toilet Paper\",\"Wake-Up Service\",\"DTH Channels\",\"Tile\\/Marble floor\",\"24-Hour Front Desk\",\"Card Payment\",\"Fire NOC\",\"Fire Extinguishers\",\"In-House Kitchen\",\"Smoke Detectors\",\"Fire Exit\",\"FHRAI Certification\",\"FSSAI Licence\",\"Security Guard\",\"Electric Kettle (On Request)\",\"Pickup & Drop (Chargeable)\",\"Breakfast (Buffet)\"]', '<p>Sivalika Inn</p>', NULL, NULL, 'Sivalika Inn', 35, 7279, 'Sivalika Inn', 'Sivalika Inn', 'index, No-follow', NULL, 'Google-Organic', 'SEO', '1', '2023-06-19 04:55:14', '2023-07-05 12:04:25'),
(2, 'Sivalika Hotel Howrah', 'Sivalika Hotel Howrah', 'sivalika-hotel-howrah', NULL, 'Sivalika Hotel Howrah', '<p>Sivalika Hotel Howrah</p>', '[\"24X7 Security\",\"WiFi\",\"Lift\",\"Laundry Service\",\"Wardrobe\",\"Mineral Water Bottle\",\"Daily Housekeeping\",\"Free Toiletries\",\"LCD TV\",\"Clean Towels\",\"Clean Linen\",\"Toilet Paper\",\"Wake-Up Service\",\"DTH Channels\",\"Tile\\/Marble floor\",\"24-Hour Front Desk\",\"Card Payment\",\"In-House Kitchen\",\"Smoke Detectors\",\"Fire Exit\",\"Fire Hose Reels\",\"FHRAI Certification\",\"FSSAI Licence\",\"Security Guard\",\"Electric Kettle (On Request)\",\"Pickup & Drop (Chargeable)\",\"Breakfast (Buffet)\"]', NULL, NULL, NULL, 'Howrah Salkia', 35, 6607, 'Sivalika Hotel Howrah', NULL, 'index,follow', NULL, 'Organic', 'SEO', '1', '2023-06-24 11:18:06', '2023-06-24 11:18:06');

-- --------------------------------------------------------

--
-- Table structure for table `hotel_rooms`
--

CREATE TABLE `hotel_rooms` (
  `id` bigint(20) UNSIGNED NOT NULL,
  `hotel_id` int(11) NOT NULL,
  `room_id` int(11) NOT NULL,
  `hotel_room_no` int(11) NOT NULL,
  `status` varchar(20) DEFAULT NULL,
  `created_at` timestamp NULL DEFAULT NULL,
  `updated_at` timestamp NULL DEFAULT NULL
) ENGINE=InnoDB DEFAULT CHARSET=utf8mb4 COLLATE=utf8mb4_unicode_ci;

--
-- Dumping data for table `hotel_rooms`
--

INSERT INTO `hotel_rooms` (`id`, `hotel_id`, `room_id`, `hotel_room_no`, `status`, `created_at`, `updated_at`) VALUES
(1, 1, 1, 101, 'blocked', '2023-07-05 08:12:46', '2023-07-05 11:21:13'),
(2, 1, 1, 102, 'not-cleaned', '2023-07-05 08:12:46', '2023-07-05 12:00:13'),
(3, 1, 1, 103, 'reserved', '2023-07-05 08:12:46', '2023-07-08 13:29:29'),
(4, 1, 1, 104, 'active', '2023-07-05 09:21:41', '2023-07-05 09:21:41'),
(5, 1, 2, 201, 'active', '2023-07-05 13:46:33', '2023-07-05 13:46:33'),
(6, 1, 2, 202, 'active', '2023-07-05 13:46:43', '2023-07-05 13:46:43'),
(7, 2, 4, 101, 'active', '2023-07-08 13:38:11', '2023-07-08 13:38:11'),
(9, 2, 5, 201, 'not-cleaned', '2023-07-08 13:38:34', '2023-07-08 13:41:38'),
(10, 2, 4, 103, 'blocked', '2023-07-08 13:38:49', '2023-07-08 13:41:02');

-- --------------------------------------------------------

--
-- Table structure for table `media`
--

CREATE TABLE `media` (
  `id` bigint(20) UNSIGNED NOT NULL,
  `name` varchar(255) NOT NULL,
  `type` varchar(20) NOT NULL,
  `filename` varchar(255) NOT NULL,
  `alternative` varchar(255) NOT NULL,
  `caption` varchar(255) NOT NULL,
  `description` text NOT NULL,
  `extension` varchar(50) NOT NULL,
  `size` varchar(50) NOT NULL,
  `dimension` varchar(50) NOT NULL,
  `path` text NOT NULL,
  `created_at` timestamp NULL DEFAULT NULL,
  `updated_at` timestamp NULL DEFAULT NULL
) ENGINE=InnoDB DEFAULT CHARSET=utf8mb4 COLLATE=utf8mb4_unicode_ci;

--
-- Dumping data for table `media`
--

INSERT INTO `media` (`id`, `name`, `type`, `filename`, `alternative`, `caption`, `description`, `extension`, `size`, `dimension`, `path`, `created_at`, `updated_at`) VALUES
(1, 'modern-platform-bedroom-sets', 'image/jpeg', 'modern-platform-bedroom-sets.jpg', '', '', '', 'jpg', '183.82', '1200x675', 'public/upload/2023-06-20', '2023-06-20 12:39:36', '2023-06-20 12:39:36');

-- --------------------------------------------------------

--
-- Table structure for table `migrations`
--

CREATE TABLE `migrations` (
  `id` int(10) UNSIGNED NOT NULL,
  `migration` varchar(255) NOT NULL,
  `batch` int(11) NOT NULL
) ENGINE=InnoDB DEFAULT CHARSET=utf8mb4 COLLATE=utf8mb4_unicode_ci;

--
-- Dumping data for table `migrations`
--

INSERT INTO `migrations` (`id`, `migration`, `batch`) VALUES
(1, '2014_10_12_000000_create_users_table', 1),
(2, '2014_10_12_100000_create_password_reset_tokens_table', 1),
(3, '2019_08_19_000000_create_failed_jobs_table', 1),
(4, '2019_12_14_000001_create_personal_access_tokens_table', 1),
(5, '2022_11_25_055617_create_pages_table', 1),
(6, '2022_12_15_104615_create_states_table', 1),
(7, '2022_12_15_104917_create_cities_table', 1),
(8, '2022_12_29_070141_create_reviews_table', 1),
(9, '2022_12_29_082756_create_settings_table', 1),
(10, '2023_01_17_103910_create_faqs_table', 1),
(11, '2023_01_24_101839_create_media_table', 1),
(12, '2023_03_14_110002_create_contacts_table', 1),
(13, '2023_04_22_064246_create_adpages_table', 1),
(14, '2023_02_20_123712_create_gallery_table', 2),
(15, '2023_06_19_083624_create_hotels_table', 2),
(17, '2023_06_20_101838_create_rooms_table', 3),
(18, '2023_06_21_070204_create_bookings_table', 4),
(19, '2023_06_21_122243_create_customers_table', 4),
(20, '2023_06_26_101214_create_reserved_rooms_table', 5),
(21, '2023_07_02_075514_create_user_meta_table', 6),
(22, '2023_07_05_074414_create_hotel_rooms_table', 7);

-- --------------------------------------------------------

--
-- Table structure for table `pages`
--

CREATE TABLE `pages` (
  `id` bigint(20) UNSIGNED NOT NULL,
  `name` varchar(255) NOT NULL,
  `title` varchar(255) DEFAULT NULL,
  `slug` varchar(255) DEFAULT NULL,
  `banner_image` varchar(255) DEFAULT NULL,
  `description` text DEFAULT NULL,
  `template` varchar(50) NOT NULL DEFAULT 'default-template',
  `enable_otp` tinyint(1) NOT NULL DEFAULT 1,
  `meta_description` text DEFAULT NULL,
  `schema` text DEFAULT NULL,
  `robots` varchar(150) NOT NULL DEFAULT 'index, follow',
  `canonical` varchar(255) DEFAULT NULL,
  `utm_campaign` varchar(100) NOT NULL DEFAULT 'Google-Organic',
  `utm_source` varchar(100) NOT NULL DEFAULT 'SEO',
  `status` tinyint(1) NOT NULL DEFAULT 1,
  `created_at` timestamp NULL DEFAULT NULL,
  `updated_at` timestamp NULL DEFAULT NULL
) ENGINE=InnoDB DEFAULT CHARSET=utf8mb4 COLLATE=utf8mb4_unicode_ci;

-- --------------------------------------------------------

--
-- Table structure for table `password_reset_tokens`
--

CREATE TABLE `password_reset_tokens` (
  `email` varchar(255) NOT NULL,
  `token` varchar(255) NOT NULL,
  `created_at` timestamp NULL DEFAULT NULL
) ENGINE=InnoDB DEFAULT CHARSET=utf8mb4 COLLATE=utf8mb4_unicode_ci;

-- --------------------------------------------------------

--
-- Table structure for table `personal_access_tokens`
--

CREATE TABLE `personal_access_tokens` (
  `id` bigint(20) UNSIGNED NOT NULL,
  `tokenable_type` varchar(255) NOT NULL,
  `tokenable_id` bigint(20) UNSIGNED NOT NULL,
  `name` varchar(255) NOT NULL,
  `token` varchar(64) NOT NULL,
  `abilities` text DEFAULT NULL,
  `last_used_at` timestamp NULL DEFAULT NULL,
  `expires_at` timestamp NULL DEFAULT NULL,
  `created_at` timestamp NULL DEFAULT NULL,
  `updated_at` timestamp NULL DEFAULT NULL
) ENGINE=InnoDB DEFAULT CHARSET=utf8mb4 COLLATE=utf8mb4_unicode_ci;

-- --------------------------------------------------------

--
-- Table structure for table `reserved_rooms`
--

CREATE TABLE `reserved_rooms` (
  `id` bigint(20) UNSIGNED NOT NULL,
  `booking_id` int(11) DEFAULT NULL,
  `room_id` int(11) DEFAULT NULL,
  `total_room_book` int(11) DEFAULT NULL,
  `created_at` timestamp NULL DEFAULT NULL,
  `updated_at` timestamp NULL DEFAULT NULL
) ENGINE=InnoDB DEFAULT CHARSET=utf8mb4 COLLATE=utf8mb4_unicode_ci;

--
-- Dumping data for table `reserved_rooms`
--

INSERT INTO `reserved_rooms` (`id`, `booking_id`, `room_id`, `total_room_book`, `created_at`, `updated_at`) VALUES
(1, 2, 4, 1, '2023-07-05 01:40:25', '2023-07-05 01:40:25'),
(2, 2, 5, 1, '2023-07-05 01:40:25', '2023-07-05 01:40:25'),
(3, 3, 1, 1, '2023-07-05 02:12:45', '2023-07-05 02:12:45'),
(4, 3, 2, 1, '2023-07-05 02:12:45', '2023-07-05 02:12:45'),
(5, 4, 1, 1, '2023-07-05 12:07:41', '2023-07-05 12:07:41'),
(6, 4, 1, 1, '2023-07-05 13:52:41', '2023-07-05 13:52:41'),
(7, 4, 1, 1, '2023-07-05 13:54:31', '2023-07-05 13:54:31'),
(8, 4, 1, 1, '2023-07-05 13:55:42', '2023-07-05 13:55:42'),
(9, 5, 4, 1, '2023-07-08 13:45:06', '2023-07-08 13:45:06'),
(10, 5, 5, 1, '2023-07-08 13:45:06', '2023-07-08 13:45:06');

-- --------------------------------------------------------

--
-- Table structure for table `reviews`
--

CREATE TABLE `reviews` (
  `id` bigint(20) UNSIGNED NOT NULL,
  `rating` int(11) NOT NULL,
  `title` text NOT NULL,
  `review` longtext NOT NULL,
  `reviewer_name` varchar(255) NOT NULL,
  `reviewer_email` varchar(255) NOT NULL,
  `model` varchar(255) NOT NULL,
  `model_id` varchar(255) NOT NULL,
  `status` enum('0','1') NOT NULL,
  `created_at` timestamp NULL DEFAULT NULL,
  `updated_at` timestamp NULL DEFAULT NULL
) ENGINE=InnoDB DEFAULT CHARSET=utf8mb4 COLLATE=utf8mb4_unicode_ci;

-- --------------------------------------------------------

--
-- Table structure for table `rooms`
--

CREATE TABLE `rooms` (
  `id` bigint(20) UNSIGNED NOT NULL,
  `hotel_id` int(11) NOT NULL,
  `name` varchar(255) NOT NULL,
  `size` varchar(255) DEFAULT NULL,
  `person` varchar(255) DEFAULT NULL,
  `room_count` int(11) DEFAULT NULL,
  `amenities` text DEFAULT NULL,
  `featured_image` varchar(255) DEFAULT NULL,
  `cost` varchar(255) DEFAULT NULL,
  `status` varchar(50) NOT NULL DEFAULT 'active',
  `created_at` timestamp NULL DEFAULT NULL,
  `updated_at` timestamp NULL DEFAULT NULL
) ENGINE=InnoDB DEFAULT CHARSET=utf8mb4 COLLATE=utf8mb4_unicode_ci;

--
-- Dumping data for table `rooms`
--

INSERT INTO `rooms` (`id`, `hotel_id`, `name`, `size`, `person`, `room_count`, `amenities`, `featured_image`, `cost`, `status`, `created_at`, `updated_at`) VALUES
(1, 1, 'Classic Room', '130 sq ft', '2', 3, '[\"WiFi\",\"Wardrobe\",\"Mineral Water Bottle\",\"Free Toiletries\",\"LCD TV\",\"Clean Towels\",\"Clean Linen\",\"Toilet Paper\",\"DTH Channels\",\"Tile\\/Marble floor\",\"Electric Kettle (On Request)\",\"Breakfast (Buffet)\"]', '1', '1200', '1', '2023-06-20 13:29:04', '2023-07-08 13:29:29'),
(2, 1, 'Deluxe room', '200 sq ft', '3', 2, '[\"WiFi\",\"Wardrobe\",\"Mineral Water Bottle\",\"Free Toiletries\",\"LCD TV\",\"Clean Towels\",\"Clean Linen\",\"Toilet Paper\",\"DTH Channels\",\"Tile\\/Marble floor\",\"Electric Kettle (On Request)\",\"Breakfast (Buffet)\"]', '1', '2000', '1', '2023-06-20 13:29:40', '2023-06-20 13:29:40'),
(3, 1, 'Super Deluxe Room', '250 sq ft', '4', 2, '[\"WiFi\",\"Wardrobe\",\"Mineral Water Bottle\",\"Free Toiletries\",\"LCD TV\",\"Clean Towels\",\"Clean Linen\",\"Toilet Paper\",\"DTH Channels\",\"Tile\\/Marble floor\",\"Electric Kettle (On Request)\",\"Breakfast (Buffet)\"]', '1', '2500', '1', '2023-06-24 08:20:14', '2023-06-24 08:20:14'),
(4, 2, 'Classic Room', '130 sq ft', '2', 5, '[\"WiFi\",\"Wardrobe\",\"Mineral Water Bottle\",\"Free Toiletries\",\"LCD TV\",\"Clean Towels\",\"Clean Linen\",\"Toilet Paper\",\"DTH Channels\",\"Tile\\/Marble floor\",\"Electric Kettle (On Request)\",\"Breakfast (Buffet)\"]', '1', '1000', '1', '2023-06-24 11:20:55', '2023-07-08 13:41:02'),
(5, 2, 'Deluxe Room', '200 sq ft', '3', 4, '[\"WiFi\",\"Wardrobe\",\"Mineral Water Bottle\",\"Free Toiletries\",\"LCD TV\",\"Clean Towels\",\"Clean Linen\",\"Toilet Paper\",\"DTH Channels\",\"Tile\\/Marble floor\",\"Electric Kettle (On Request)\",\"Breakfast (Buffet)\"]', '1', '1500', '1', '2023-06-24 11:22:00', '2023-07-08 13:41:38');

-- --------------------------------------------------------

--
-- Table structure for table `settings`
--

CREATE TABLE `settings` (
  `id` bigint(20) UNSIGNED NOT NULL,
  `key` varchar(255) NOT NULL,
  `value` text DEFAULT NULL,
  `created_at` timestamp NULL DEFAULT NULL,
  `updated_at` timestamp NULL DEFAULT NULL
) ENGINE=InnoDB DEFAULT CHARSET=utf8mb4 COLLATE=utf8mb4_unicode_ci;

--
-- Dumping data for table `settings`
--

INSERT INTO `settings` (`id`, `key`, `value`, `created_at`, `updated_at`) VALUES
(1, 'enable_otp', '1', '2023-06-19 01:43:19', '2023-06-19 01:43:47'),
(2, 'ajax_submit', '1', '2023-06-19 01:43:19', '2023-06-19 01:43:47'),
(3, 'footer_about', NULL, '2023-06-19 01:43:19', '2023-06-19 01:43:47'),
(4, 'footer_description', NULL, '2023-06-19 01:43:19', '2023-06-19 01:43:47'),
(5, 'mobile', '9836555023', '2023-06-19 01:43:19', '2023-06-19 01:43:47'),
(6, 'whatsapp', '6290565997', '2023-06-19 01:43:19', '2023-06-19 01:43:47'),
(7, 'email', 'akashdutta.scriptcrown@gmail.com', '2023-06-19 01:43:19', '2023-06-19 01:43:47'),
(8, 'franchise_mobile', NULL, '2023-06-19 01:43:19', '2023-06-19 01:43:47'),
(9, 'address', NULL, '2023-06-19 01:43:19', '2023-06-19 01:43:47'),
(10, 'gmap', NULL, '2023-06-19 01:43:19', '2023-06-19 01:43:47'),
(11, 'facebook', NULL, '2023-06-19 01:43:19', '2023-06-19 01:43:47'),
(12, 'twitter', NULL, '2023-06-19 01:43:19', '2023-06-19 01:43:47'),
(13, 'linkedin', NULL, '2023-06-19 01:43:19', '2023-06-19 01:43:47'),
(14, 'youtube', NULL, '2023-06-19 01:43:19', '2023-06-19 01:43:47'),
(15, 'utm_campaign', NULL, '2023-06-19 01:43:19', '2023-06-19 01:43:47'),
(16, 'utm_source', NULL, '2023-06-19 01:43:19', '2023-06-19 01:43:47'),
(17, 'lead_type', NULL, '2023-06-19 01:43:19', '2023-06-19 01:43:47'),
(18, 'schema', NULL, '2023-06-19 01:43:19', '2023-06-19 01:43:47');

-- --------------------------------------------------------

--
-- Table structure for table `states`
--

CREATE TABLE `states` (
  `id` bigint(20) UNSIGNED NOT NULL,
  `name` varchar(255) NOT NULL,
  `slug` varchar(255) NOT NULL,
  `state_description` varchar(255) NOT NULL,
  `status` varchar(255) NOT NULL,
  `created_at` timestamp NULL DEFAULT NULL,
  `updated_at` timestamp NULL DEFAULT NULL
) ENGINE=InnoDB DEFAULT CHARSET=utf8mb4 COLLATE=utf8mb4_unicode_ci;

--
-- Dumping data for table `states`
--

INSERT INTO `states` (`id`, `name`, `slug`, `state_description`, `status`, `created_at`, `updated_at`) VALUES
(1, 'Andaman & Nicobar Islands', 'andaman-&-nicobar-islands', '', '1', '2022-12-20 04:02:08', '2023-03-24 00:10:01'),
(2, 'Andhra Pradesh', 'andhra-pradesh', '', '1', '2022-12-20 04:02:08', '2023-03-24 00:10:01'),
(3, 'Arunachal Pradesh', 'arunachal-pradesh', '', '1', '2022-12-20 04:02:08', '2023-03-24 00:10:01'),
(4, 'Assam', 'assam', '', '1', '2022-12-20 04:02:08', '2023-03-24 00:10:01'),
(5, 'Bihar', 'bihar', '', '1', '2022-12-20 04:02:08', '2022-12-20 04:02:19'),
(6, 'Chandigarh', 'chandigarh', '', '1', '2022-12-20 04:02:08', '2023-03-24 00:10:01'),
(7, 'Chhattisgarh', 'chhattisgarh', '', '1', '2022-12-20 04:02:08', '2023-03-24 00:10:01'),
(8, 'Dadra & Nagar Haveli', 'dadra-&-nagar-haveli', '', '1', '2022-12-20 04:02:08', '2023-03-24 00:10:01'),
(9, 'Daman & Diu', 'daman-&-diu', '', '1', '2022-12-20 04:02:08', '2023-03-24 00:10:01'),
(10, 'Delhi', 'delhi', '', '1', '2022-12-20 04:02:08', '2023-03-24 00:10:01'),
(11, 'Goa', 'goa', '', '1', '2022-12-20 04:02:08', '2023-03-24 00:10:01'),
(12, 'Gujarat', 'gujarat', '', '1', '2022-12-20 04:02:08', '2022-12-20 04:02:19'),
(13, 'Haryana', 'haryana', '', '1', '2022-12-20 04:02:08', '2023-03-24 00:10:01'),
(14, 'Himachal Pradesh', 'himachal-pradesh', '', '1', '2022-12-20 04:02:08', '2023-03-24 00:10:01'),
(15, 'Jammu & Kashmir', 'jammu-&-kashmir', '', '1', '2022-12-20 04:02:08', '2023-03-24 00:10:01'),
(16, 'Jharkhand', 'jharkhand', '', '1', '2022-12-20 04:02:08', '2023-03-24 00:10:01'),
(17, 'Karnataka', 'karnataka', '', '1', '2022-12-20 04:02:08', '2023-03-24 00:10:01'),
(18, 'Kerala', 'kerala', '', '1', '2022-12-20 04:02:08', '2023-03-24 00:10:01'),
(19, 'Lakshwadeep\r\n', 'lakshwadeep', '', '1', '2022-12-20 04:02:08', '2023-03-24 00:10:01'),
(20, 'Madhya Pradesh', 'madhya-pradesh', '', '1', '2022-12-20 04:02:08', '2023-03-24 00:10:01'),
(21, 'Maharashtra', 'maharashtra', '', '1', '2022-12-20 04:02:08', '2023-03-24 00:10:01'),
(22, 'Manipur', 'manipur', '', '1', '2022-12-20 04:02:08', '2023-03-24 00:10:01'),
(23, 'Meghalaya', 'meghalaya', '', '1', '2022-12-20 04:02:08', '2023-03-24 00:10:01'),
(24, 'Mizoram', 'mizoram', '', '1', '2022-12-20 04:02:08', '2023-03-24 00:10:01'),
(25, 'Nagaland', 'nagaland', '', '1', '2022-12-20 04:02:08', '2023-03-24 00:10:01'),
(26, 'Odisha', 'odisha', '', '1', '2022-12-20 04:02:08', '2023-03-24 00:10:01'),
(27, 'Pondicherry\r\n', 'Pondicherry\r\n', '', '1', '2022-12-20 04:02:08', '2023-03-24 00:10:01'),
(28, 'Punjab', 'punjab', '', '1', '2022-12-20 04:02:08', '2023-03-24 00:10:01'),
(29, 'Rajasthan', 'rajasthan', '', '1', '2022-12-20 04:02:08', '2023-03-24 00:10:01'),
(30, 'Sikkim', 'sikkim', '', '1', '2022-12-20 04:02:08', '2023-03-24 00:10:01'),
(31, 'Tamil Nadu', 'tamil-nadu', '', '1', '2022-12-20 04:02:08', '2023-03-24 00:10:01'),
(32, 'Tripura', 'tripura', '', '1', '2022-12-20 04:02:08', '2023-03-24 00:10:01'),
(33, 'Uttar Pradesh', 'uttar-pradesh', '', '1', '2022-12-20 04:02:08', '2022-12-20 04:02:19'),
(34, 'Uttarakhand', 'uttarakhand', '', '1', '2022-12-20 04:02:08', '2022-12-20 04:02:19'),
(35, 'West Bengal', 'west-bengal', '', '1', '2022-12-20 04:02:08', '2022-12-20 04:02:19'),
(36, 'Telangana', 'telangana', '', '1', '2022-12-20 04:02:08', '2023-03-24 00:10:01'),
(37, 'Bengaluru', 'bengaluru', '', '1', '2022-12-20 04:02:08', '2022-12-20 04:02:19'),
(38, 'Uttaranchal', 'uttaranchal', '', '1', '2022-12-20 04:02:08', '2022-12-20 04:02:19');

-- --------------------------------------------------------

--
-- Table structure for table `users`
--

CREATE TABLE `users` (
  `id` bigint(20) UNSIGNED NOT NULL,
  `username` varchar(50) DEFAULT NULL,
  `name` varchar(255) NOT NULL,
  `email` varchar(255) NOT NULL,
  `mobile` varchar(255) DEFAULT NULL,
  `email_verified_at` timestamp NULL DEFAULT NULL,
  `password` varchar(255) NOT NULL,
  `remember_token` varchar(100) DEFAULT NULL,
  `role` int(11) DEFAULT 2,
  `status` tinyint(4) NOT NULL DEFAULT 1,
  `created_at` timestamp NULL DEFAULT NULL,
  `updated_at` timestamp NULL DEFAULT NULL
) ENGINE=InnoDB DEFAULT CHARSET=utf8mb4 COLLATE=utf8mb4_unicode_ci;

--
-- Dumping data for table `users`
--

INSERT INTO `users` (`id`, `username`, `name`, `email`, `mobile`, `email_verified_at`, `password`, `remember_token`, `role`, `status`, `created_at`, `updated_at`) VALUES
(1, 'admin', 'Admin User', 'akashduttaphp@gmail.com', NULL, NULL, '$2y$10$SfCVfJIPP7OCciDw/RPJJ.Gbt3dwULSBurOvQgcX7OSBdRaxF5Rtu', NULL, 1, 1, '2023-06-19 01:34:45', '2023-06-19 01:34:45'),
(5, 'johndoe', 'John Doe', 'akashdutta@gmail.com', '9836555023', NULL, '$2y$10$N.UkRAJZnPu/cWPRgrPUeegWCC1WnRoCVHhPK0.dW.Y8D9W5AFhFS', NULL, 2, 1, '2023-07-08 13:36:51', '2023-07-08 13:36:51');

-- --------------------------------------------------------

--
-- Table structure for table `user_meta`
--

CREATE TABLE `user_meta` (
  `id` bigint(20) UNSIGNED NOT NULL,
  `user_id` int(11) NOT NULL,
  `meta_key` varchar(255) NOT NULL,
  `meta_value` text NOT NULL,
  `created_at` datetime DEFAULT current_timestamp(),
  `updated_at` timestamp NULL DEFAULT current_timestamp() ON UPDATE current_timestamp()
) ENGINE=InnoDB DEFAULT CHARSET=utf8mb4 COLLATE=utf8mb4_unicode_ci;

--
-- Dumping data for table `user_meta`
--

INSERT INTO `user_meta` (`id`, `user_id`, `meta_key`, `meta_value`, `created_at`, `updated_at`) VALUES
(3, 5, 'hotel_id', '2', '2023-07-09 00:36:51', '2023-07-08 19:06:51');

--
-- Indexes for dumped tables
--

--
-- Indexes for table `adpages`
--
ALTER TABLE `adpages`
  ADD PRIMARY KEY (`id`);

--
-- Indexes for table `bookings`
--
ALTER TABLE `bookings`
  ADD PRIMARY KEY (`id`);

--
-- Indexes for table `cities`
--
ALTER TABLE `cities`
  ADD PRIMARY KEY (`id`);

--
-- Indexes for table `contacts`
--
ALTER TABLE `contacts`
  ADD PRIMARY KEY (`id`);

--
-- Indexes for table `customers`
--
ALTER TABLE `customers`
  ADD PRIMARY KEY (`id`);

--
-- Indexes for table `failed_jobs`
--
ALTER TABLE `failed_jobs`
  ADD PRIMARY KEY (`id`),
  ADD UNIQUE KEY `failed_jobs_uuid_unique` (`uuid`);

--
-- Indexes for table `faqs`
--
ALTER TABLE `faqs`
  ADD PRIMARY KEY (`id`);

--
-- Indexes for table `gallery`
--
ALTER TABLE `gallery`
  ADD PRIMARY KEY (`id`);

--
-- Indexes for table `hotels`
--
ALTER TABLE `hotels`
  ADD PRIMARY KEY (`id`);

--
-- Indexes for table `hotel_rooms`
--
ALTER TABLE `hotel_rooms`
  ADD PRIMARY KEY (`id`);

--
-- Indexes for table `media`
--
ALTER TABLE `media`
  ADD PRIMARY KEY (`id`);

--
-- Indexes for table `migrations`
--
ALTER TABLE `migrations`
  ADD PRIMARY KEY (`id`);

--
-- Indexes for table `pages`
--
ALTER TABLE `pages`
  ADD PRIMARY KEY (`id`);

--
-- Indexes for table `password_reset_tokens`
--
ALTER TABLE `password_reset_tokens`
  ADD PRIMARY KEY (`email`);

--
-- Indexes for table `personal_access_tokens`
--
ALTER TABLE `personal_access_tokens`
  ADD PRIMARY KEY (`id`),
  ADD UNIQUE KEY `personal_access_tokens_token_unique` (`token`),
  ADD KEY `personal_access_tokens_tokenable_type_tokenable_id_index` (`tokenable_type`,`tokenable_id`);

--
-- Indexes for table `reserved_rooms`
--
ALTER TABLE `reserved_rooms`
  ADD PRIMARY KEY (`id`);

--
-- Indexes for table `reviews`
--
ALTER TABLE `reviews`
  ADD PRIMARY KEY (`id`);

--
-- Indexes for table `rooms`
--
ALTER TABLE `rooms`
  ADD PRIMARY KEY (`id`);

--
-- Indexes for table `settings`
--
ALTER TABLE `settings`
  ADD PRIMARY KEY (`id`);

--
-- Indexes for table `states`
--
ALTER TABLE `states`
  ADD PRIMARY KEY (`id`);

--
-- Indexes for table `users`
--
ALTER TABLE `users`
  ADD PRIMARY KEY (`id`),
  ADD UNIQUE KEY `users_email_unique` (`email`);

--
-- Indexes for table `user_meta`
--
ALTER TABLE `user_meta`
  ADD PRIMARY KEY (`id`);

--
-- AUTO_INCREMENT for dumped tables
--

--
-- AUTO_INCREMENT for table `adpages`
--
ALTER TABLE `adpages`
  MODIFY `id` bigint(20) UNSIGNED NOT NULL AUTO_INCREMENT;

--
-- AUTO_INCREMENT for table `bookings`
--
ALTER TABLE `bookings`
  MODIFY `id` bigint(20) UNSIGNED NOT NULL AUTO_INCREMENT, AUTO_INCREMENT=6;

--
-- AUTO_INCREMENT for table `cities`
--
ALTER TABLE `cities`
  MODIFY `id` bigint(20) UNSIGNED NOT NULL AUTO_INCREMENT, AUTO_INCREMENT=7296;

--
-- AUTO_INCREMENT for table `contacts`
--
ALTER TABLE `contacts`
  MODIFY `id` bigint(20) UNSIGNED NOT NULL AUTO_INCREMENT;

--
-- AUTO_INCREMENT for table `customers`
--
ALTER TABLE `customers`
  MODIFY `id` bigint(20) UNSIGNED NOT NULL AUTO_INCREMENT, AUTO_INCREMENT=7;

--
-- AUTO_INCREMENT for table `failed_jobs`
--
ALTER TABLE `failed_jobs`
  MODIFY `id` bigint(20) UNSIGNED NOT NULL AUTO_INCREMENT;

--
-- AUTO_INCREMENT for table `faqs`
--
ALTER TABLE `faqs`
  MODIFY `id` bigint(20) UNSIGNED NOT NULL AUTO_INCREMENT;

--
-- AUTO_INCREMENT for table `gallery`
--
ALTER TABLE `gallery`
  MODIFY `id` bigint(20) UNSIGNED NOT NULL AUTO_INCREMENT;

--
-- AUTO_INCREMENT for table `hotels`
--
ALTER TABLE `hotels`
  MODIFY `id` bigint(20) UNSIGNED NOT NULL AUTO_INCREMENT, AUTO_INCREMENT=3;

--
-- AUTO_INCREMENT for table `hotel_rooms`
--
ALTER TABLE `hotel_rooms`
  MODIFY `id` bigint(20) UNSIGNED NOT NULL AUTO_INCREMENT, AUTO_INCREMENT=11;

--
-- AUTO_INCREMENT for table `media`
--
ALTER TABLE `media`
  MODIFY `id` bigint(20) UNSIGNED NOT NULL AUTO_INCREMENT, AUTO_INCREMENT=2;

--
-- AUTO_INCREMENT for table `migrations`
--
ALTER TABLE `migrations`
  MODIFY `id` int(10) UNSIGNED NOT NULL AUTO_INCREMENT, AUTO_INCREMENT=23;

--
-- AUTO_INCREMENT for table `pages`
--
ALTER TABLE `pages`
  MODIFY `id` bigint(20) UNSIGNED NOT NULL AUTO_INCREMENT;

--
-- AUTO_INCREMENT for table `personal_access_tokens`
--
ALTER TABLE `personal_access_tokens`
  MODIFY `id` bigint(20) UNSIGNED NOT NULL AUTO_INCREMENT;

--
-- AUTO_INCREMENT for table `reserved_rooms`
--
ALTER TABLE `reserved_rooms`
  MODIFY `id` bigint(20) UNSIGNED NOT NULL AUTO_INCREMENT, AUTO_INCREMENT=11;

--
-- AUTO_INCREMENT for table `reviews`
--
ALTER TABLE `reviews`
  MODIFY `id` bigint(20) UNSIGNED NOT NULL AUTO_INCREMENT;

--
-- AUTO_INCREMENT for table `rooms`
--
ALTER TABLE `rooms`
  MODIFY `id` bigint(20) UNSIGNED NOT NULL AUTO_INCREMENT, AUTO_INCREMENT=6;

--
-- AUTO_INCREMENT for table `settings`
--
ALTER TABLE `settings`
  MODIFY `id` bigint(20) UNSIGNED NOT NULL AUTO_INCREMENT, AUTO_INCREMENT=19;

--
-- AUTO_INCREMENT for table `states`
--
ALTER TABLE `states`
  MODIFY `id` bigint(20) UNSIGNED NOT NULL AUTO_INCREMENT, AUTO_INCREMENT=39;

--
-- AUTO_INCREMENT for table `users`
--
ALTER TABLE `users`
  MODIFY `id` bigint(20) UNSIGNED NOT NULL AUTO_INCREMENT, AUTO_INCREMENT=6;

--
-- AUTO_INCREMENT for table `user_meta`
--
ALTER TABLE `user_meta`
  MODIFY `id` bigint(20) UNSIGNED NOT NULL AUTO_INCREMENT, AUTO_INCREMENT=4;
COMMIT;

/*!40101 SET CHARACTER_SET_CLIENT=@OLD_CHARACTER_SET_CLIENT */;
/*!40101 SET CHARACTER_SET_RESULTS=@OLD_CHARACTER_SET_RESULTS */;
/*!40101 SET COLLATION_CONNECTION=@OLD_COLLATION_CONNECTION */;
